pair,symbol,setup,side,time,entry,sl,tp,risk_pips,reward_pips,status,r,pips,pattern,tf,exit_time,score
EURUSD,EUR/USD,pip_builder,BUY,2023-02-03 17:45:00+00:00,1.0834400000000002,1.0824799999999999,1.0847478003101214,9.60000000000294,13.078003101212321,SL,-1.0,-9.60000000000294,bullish engulfing,15m,2023-02-03 17:58:00+00:00,6
USDJPY,USD/JPY,pip_builder,BUY,2023-02-20 07:55:00+00:00,134.05599999999998,133.989,134.164,6.699999999997885,10.80000000000041,TP,1.6119402985080324,10.80000000000041,bullish engulfing,5m,2023-02-20 08:18:00+00:00,6
GBPJPY,GBP/JPY,pip_builder,BUY,2023-02-21 05:00:00+00:00,161.577,161.48200000000003,161.691633442357,9.499999999997044,11.463344235698969,TP,1.2066678142844773,11.463344235698967,bullish engulfing,5m,2023-02-21 06:40:00+00:00,6
GBPUSD,GBP/USD,pip_builder,SELL,2023-02-27 19:20:00+00:00,1.20562,1.2067100000000002,1.20351,10.900000000002574,21.099999999998342,SL,-1.0,-10.900000000002574,bearish engulfing,5m,2023-02-27 23:08:00+00:00,6
GBPUSD,GBP/USD,pip_builder,BUY,2023-03-07 00:25:00+00:00,1.20222,1.20152,1.2031709698788546,7.0000000000014495,9.509698788545684,TP,1.3585283983633878,9.509698788545684,bullish engulfing,5m,2023-03-07 01:18:00+00:00,6
EURUSD,EUR/USD,pip_builder,SELL,2023-03-09 05:45:00+00:00,1.0551,1.05567,1.05378,5.700000000001815,13.199999999999878,SL,-1.0,-5.700000000001815,bearish engulfing,5m,2023-03-09 07:23:00+00:00,6
USDCAD,USD/CAD,pip_builder,BUY,2023-03-12 23:55:00+00:00,1.3763,1.3754799999999998,1.37732,8.20000000000265,10.200000000000209,SL,-1.0,-8.20000000000265,bullish engulfing,5m,2023-03-13 00:03:00+00:00,6
GBPJPY,GBP/JPY,pip_builder,SELL,2023-03-20 18:25:00+00:00,161.329,161.384,160.1536049533849,5.49999999999784,117.53950466151082,SL,-1.0,-5.49999999999784,bearish engulfing,5m,2023-03-20 18:50:00+00:00,6
USDJPY,USD/JPY,pip_builder,SELL,2023-03-24 06:10:00+00:00,130.377,130.48999999999998,130.02432680385795,11.299999999997112,35.26731961420637,TP,3.121001735771273,35.26731961420637,bearish engulfing,5m,2023-03-24 07:11:00+00:00,6
EURJPY,EUR/JPY,pip_builder,SELL,2023-03-27 06:35:00+00:00,141.112,141.24699999999999,140.888,13.49999999999909,22.399999999998954,SL,-1.0,-13.49999999999909,bearish engulfing,5m,2023-03-27 06:53:00+00:00,6
EURJPY,EUR/JPY,pip_builder,SELL,2023-03-28 02:10:00+00:00,141.391,141.445,141.13266977729222,5.400000000000205,25.83302227077695,SL,-1.0,-5.400000000000205,bearish engulfing,5m,2023-03-28 02:20:00+00:00,6
USDJPY,USD/JPY,pip_builder,SELL,2023-03-29 01:45:00+00:00,131.588,131.682,131.13044032502734,9.399999999999409,45.755967497265715,SL,-1.0,-9.399999999999409,bearish engulfing,15m,2023-03-29 02:58:00+00:00,6
GBPUSD,GBP/USD,pip_builder,BUY,2023-03-30 01:25:00+00:00,1.23,1.22936,1.2329787233753708,6.399999999999739,29.78723375370862,TP,4.654255274017162,29.787233753708623,bullish engulfing,5m,2023-03-30 06:55:00+00:00,6
USDCAD,USD/CAD,pip_builder,SELL,2023-04-04 20:30:00+00:00,1.34461,1.34508,1.34148,4.699999999999704,31.30000000000077,SL,-1.0,-4.699999999999704,bearish engulfing,15m,2023-04-04 20:45:00+00:00,6
EURJPY,EUR/JPY,pip_builder,BUY,2023-04-05 00:30:00+00:00,144.064,143.95800000000003,144.49233368935847,10.599999999996612,42.83336893584817,SL,-1.0,-10.599999999996612,bullish engulfing,5m,2023-04-05 00:53:00+00:00,6
NZDUSD,NZD/USD,pip_builder,BUY,2023-04-05 20:40:00+00:00,0.63178,0.6310600000000001,0.63537,7.199999999999429,35.89999999999982,SL,-1.0,-7.199999999999429,bullish engulfing,5m,2023-04-06 00:32:00+00:00,6
NZDUSD,NZD/USD,pip_builder,BUY,2023-04-06 15:05:00+00:00,0.62476,0.62436,0.6269882948836446,3.9999999999995595,22.282948836446213,SL,-1.0,-3.9999999999995595,bullish engulfing,5m,2023-04-06 15:20:00+00:00,6
NZDUSD,NZD/USD,pip_builder,BUY,2023-04-14 19:35:00+00:00,0.62076,0.61992,0.6222112530747297,8.399999999999519,14.512530747297081,EXP,-0.45238095238090203,-3.7999999999993594,double bottom (neckline break),5m,2023-04-14 20:59:00+00:00,6
GBPUSD,GBP/USD,pip_builder,BUY,2023-04-16 22:45:00+00:00,1.2409,1.2405,1.2425,3.9999999999995595,16.00000000000046,SL,-1.0,-3.9999999999995595,bullish engulfing,15m,2023-04-16 22:52:00+00:00,6
GBPJPY,GBP/JPY,pip_builder,BUY,2023-04-21 05:00:00+00:00,166.439,166.364,166.54816040034618,7.499999999998863,10.91604003461839,SL,-1.0,-7.499999999998863,bullish engulfing,15m,2023-04-21 05:26:00+00:00,6
NZDUSD,NZD/USD,pip_builder,SELL,2023-04-24 09:50:00+00:00,0.61478,0.61519,0.6126,4.100000000000215,21.799999999999596,SL,-1.0,-4.100000000000215,bearish engulfing,5m,2023-04-24 14:23:00+00:00,6
EURJPY,EUR/JPY,pip_builder,BUY,2023-04-25 08:15:00+00:00,147.861,147.78900000000002,148.411,7.199999999997431,55.00000000000114,SL,-1.0,-7.199999999997431,bullish engulfing,5m,2023-04-25 08:21:00+00:00,6
NZDUSD,NZD/USD,pip_builder,SELL,2023-04-27 01:05:00+00:00,0.61227,0.61264,0.61112,3.6999999999998145,11.499999999999844,SL,-1.0,-3.6999999999998145,bearish engulfing,5m,2023-04-27 01:32:00+00:00,6
NZDUSD,NZD/USD,pip_builder,SELL,2023-04-27 22:15:00+00:00,0.61445,0.61495,0.61335,4.999999999999449,11.000000000001009,SL,-1.0,-4.999999999999449,bearish engulfing,15m,2023-04-28 00:06:00+00:00,6
GBPJPY,GBP/JPY,pip_builder,SELL,2023-04-28 03:55:00+00:00,167.026,167.07899999999998,166.72795190951126,5.299999999996885,29.80480904887486,SL,-1.0,-5.299999999996885,bearish engulfing,5m,2023-04-28 04:00:00+00:00,6
USDCAD,USD/CAD,pip_builder,SELL,2023-04-28 16:25:00+00:00,1.35574,1.3566200000000002,1.352643822561461,8.80000000000214,30.961774385389607,EXP,1.6818181818176887,14.799999999999258,bearish engulfing,5m,2023-04-28 20:59:00+00:00,6
GBPUSD,GBP/USD,pip_builder,BUY,2023-05-02 10:30:00+00:00,1.24654,1.2457699999999998,1.24792,7.7000000000015945,13.799999999999368,SL,-1.0,-7.7000000000015945,bullish engulfing,5m,2023-05-02 10:41:00+00:00,6
USDJPY,USD/JPY,pip_builder,BUY,2023-05-02 15:20:00+00:00,136.545,136.46200000000002,136.982,8.299999999996999,43.70000000000118,SL,-1.0,-8.299999999996999,bullish engulfing,5m,2023-05-02 15:26:00+00:00,6
USDJPY,USD/JPY,pip_builder,BUY,2023-05-03 02:45:00+00:00,136.02599999999998,135.96900000000002,136.56,5.699999999995953,53.400000000002024,SL,-1.0,-5.699999999995953,bullish engulfing,5m,2023-05-03 05:27:00+00:00,6
USDJPY,USD/JPY,pip_builder,BUY,2023-05-04 01:00:00+00:00,134.523,134.39700000000002,134.696,12.599999999997635,17.300000000000182,SL,-1.0,-12.599999999997635,bullish engulfing,5m,2023-05-04 06:18:00+00:00,6
EURJPY,EUR/JPY,pip_builder,BUY,2023-05-08 02:35:00+00:00,148.741,148.65,148.91623877160256,9.100000000000819,17.523877160255097,TP,1.9257007868410463,17.523877160255097,bullish engulfing,5m,2023-05-08 06:48:00+00:00,6
GBPUSD,GBP/USD,pip_builder,BUY,2023-05-08 19:40:00+00:00,1.26172,1.26111,1.2634,6.099999999999994,16.80000000000126,SL,-1.0,-6.099999999999994,bullish engulfing,5m,2023-05-08 23:28:00+00:00,6
GBPUSD,GBP/USD,pip_builder,BUY,2023-05-09 00:20:00+00:00,1.26087,1.2602099999999998,1.2634,6.6000000000010495,25.300000000001432,TP,3.833333333332941,25.300000000001432,bullish engulfing,5m,2023-05-09 06:48:00+00:00,6
GBPJPY,GBP/JPY,pip_builder,SELL,2023-05-15 02:35:00+00:00,169.327,169.39,169.19081173019396,6.299999999998818,13.618826980604126,SL,-1.0,-6.299999999998818,bearish engulfing,5m,2023-05-15 03:08:00+00:00,6
USDJPY,USD/JPY,pip_builder,BUY,2023-05-16 07:35:00+00:00,135.879,135.79100000000003,136.2191169777853,8.799999999996544,34.01169777852999,SL,-1.0,-8.799999999996544,bullish engulfing,5m,2023-05-16 07:57:00+00:00,6
NZDUSD,NZD/USD,pip_builder,BUY,2023-05-18 17:20:00+00:00,0.62107,0.62047,0.6222429715705766,6.000000000000449,11.729715705766086,TP,1.9549526176275347,11.729715705766086,bullish engulfing,5m,2023-05-18 19:44:00+00:00,6
EURJPY,EUR/JPY,pip_builder,SELL,2023-05-25 16:35:00+00:00,149.939,150.009,149.3615394461466,6.999999999999318,57.7460553853399,SL,-1.0,-6.999999999999318,bearish engulfing,5m,2023-05-25 18:00:00+00:00,6
EURJPY,EUR/JPY,pip_builder,SELL,2023-05-26 01:50:00+00:00,150.089,150.12699999999998,149.5150363119335,3.7999999999982492,57.39636880664989,SL,-1.0,-3.7999999999982492,bearish engulfing,5m,2023-05-26 01:55:00+00:00,6
GBPJPY,GBP/JPY,pip_builder,BUY,2023-05-31 03:15:00+00:00,173.239,173.138,173.61,10.099999999999909,37.10000000000093,SL,-1.0,-10.099999999999909,bullish engulfing,5m,2023-05-31 04:02:00+00:00,6
EURJPY,EUR/JPY,pip_builder,BUY,2023-06-05 23:25:00+00:00,149.332,149.24,149.61886120150413,9.199999999998454,28.686120150413785,SL,-1.0,-9.199999999998454,bullish engulfing,5m,2023-06-05 23:44:00+00:00,6
EURJPY,EUR/JPY,pip_builder,BUY,2023-06-06 09:05:00+00:00,148.908,148.859,149.185,4.899999999997817,27.700000000001523,SL,-1.0,-4.899999999997817,bullish engulfing,5m,2023-06-06 09:10:00+00:00,6
GBPUSD,GBP/USD,pip_builder,SELL,2023-06-06 17:40:00+00:00,1.2422,1.24259,1.24006,3.900000000001125,21.400000000000308,SL,-1.0,-3.900000000001125,bearish engulfing,5m,2023-06-06 20:00:00+00:00,6
GBPJPY,GBP/JPY,pip_builder,BUY,2023-06-12 13:40:00+00:00,174.805,174.72400000000002,175.13090836085038,8.099999999998886,32.59083608503772,SL,-1.0,-8.099999999998886,bullish engulfing,5m,2023-06-12 13:47:00+00:00,6
GBPJPY,GBP/JPY,pip_builder,BUY,2023-06-20 02:45:00+00:00,181.33100000000002,181.17100000000002,182.00889562576893,15.999999999999659,67.78956257689117,SL,-1.0,-15.999999999999659,bullish engulfing,5m,2023-06-20 04:02:00+00:00,6
USDCAD,USD/CAD,pip_builder,SELL,2023-06-27 08:50:00+00:00,1.31352,1.31389,1.3121,3.6999999999998145,14.199999999999768,SL,-1.0,-3.6999999999998145,bearish engulfing,5m,2023-06-27 08:57:00+00:00,6
USDCAD,USD/CAD,pip_builder,SELL,2023-06-28 01:00:00+00:00,1.31983,1.32047,1.3180158809367424,6.399999999999739,18.141190632576798,SL,-1.0,-6.399999999999739,bearish engulfing,5m,2023-06-28 01:15:00+00:00,6
EURJPY,EUR/JPY,pip_builder,BUY,2023-07-04 08:20:00+00:00,157.45,157.407,157.58,4.2999999999977945,13.000000000002387,SL,-1.0,-4.2999999999977945,bullish engulfing,5m,2023-07-04 08:29:00+00:00,6
GBPJPY,GBP/JPY,pip_builder,BUY,2023-07-05 08:35:00+00:00,183.398,183.31300000000002,183.5645524343246,8.499999999997954,16.655243432461475,TP,1.9594404038194688,16.655243432461475,bullish engulfing,5m,2023-07-05 08:50:00+00:00,6
EURUSD,EUR/USD,pip_builder,SELL,2023-07-07 17:45:00+00:00,1.09694,1.09746,1.09421,5.20000000000076,27.300000000001212,EXP,0.21153846153853545,1.100000000000545,bearish engulfing,15m,2023-07-07 17:59:00+00:00,6
EURUSD,EUR/USD,pip_builder,SELL,2023-07-27 00:35:00+00:00,1.10817,1.1086500000000001,1.10657,4.8000000000003595,16.00000000000046,SL,-1.0,-4.8000000000003595,bearish engulfing,5m,2023-07-27 00:47:00+00:00,6
USDJPY,USD/JPY,pip_builder,SELL,2023-07-27 15:50:00+00:00,141.048,141.12199999999999,140.89308813857676,7.399999999998386,15.491186142324409,TP,2.0934035327469984,15.491186142324409,bearish engulfing,5m,2023-07-27 17:03:00+00:00,6
NZDUSD,NZD/USD,pip_builder,BUY,2023-07-27 19:30:00+00:00,0.61802,0.6172300000000001,0.62086,7.899999999999574,28.399999999999537,SL,-1.0,-7.899999999999574,bullish engulfing,15m,2023-07-27 21:05:00+00:00,6
NZDUSD,NZD/USD,pip_builder,BUY,2023-07-27 23:25:00+00:00,0.61929,0.61848,0.62086,8.099999999999774,15.699999999999603,SL,-1.0,-8.099999999999774,bullish engulfing,5m,2023-07-28 00:01:00+00:00,6
GBPUSD,GBP/USD,pip_builder,SELL,2023-08-09 18:00:00+00:00,1.27257,1.27339,1.271719807008514,8.20000000000043,8.501929914859208,TP,1.0368207213242393,8.501929914859208,bearish engulfing,5m,2023-08-09 21:00:00+00:00,6
NZDUSD,NZD/USD,pip_builder,SELL,2023-08-09 18:45:00+00:00,0.60586,0.60641,0.60485,5.5000000000005045,10.099999999999554,SL,-1.0,-5.5000000000005045,bearish engulfing,5m,2023-08-09 19:04:00+00:00,6
GBPJPY,GBP/JPY,pip_builder,BUY,2023-08-10 21:25:00+00:00,183.44,183.316,184.10304427171351,12.399999999999523,66.30442717135168,TP,5.347131223496309,66.30442717135168,bullish engulfing,5m,2023-08-11 06:22:00+00:00,6
USDJPY,USD/JPY,pip_builder,BUY,2023-08-15 19:15:00+00:00,145.672,145.614,145.79278777671655,5.799999999999272,12.078777671655416,SL,-1.0,-5.799999999999272,bullish engulfing,5m,2023-08-15 19:28:00+00:00,6
NZDUSD,NZD/USD,pip_builder,SELL,2023-08-29 18:20:00+00:00,0.59565,0.59607,0.59349,4.1999999999997595,21.600000000000506,SL,-1.0,-4.1999999999997595,bearish engulfing,5m,2023-08-29 18:40:00+00:00,6
USDJPY,USD/JPY,pip_builder,SELL,2023-08-30 21:15:00+00:00,146.186,146.279,145.97144183586306,9.299999999998931,21.455816413694606,TP,2.307077033730868,21.455816413694606,bearish engulfing,15m,2023-08-30 23:11:00+00:00,6
GBPJPY,GBP/JPY,pip_builder,BUY,2023-09-01 06:40:00+00:00,184.13400000000001,184.02300000000002,184.35425629535266,11.099999999999,22.025629535264102,TP,1.984290949123071,22.025629535264102,bullish engulfing,5m,2023-09-01 07:14:00+00:00,6
EURUSD,EUR/USD,pip_builder,SELL,2023-09-15 16:50:00+00:00,1.0671,1.06756,1.06451,4.60000000000127,25.899999999998702,SL,-1.0,-4.60000000000127,bearish engulfing,5m,2023-09-15 17:21:00+00:00,6
EURJPY,EUR/JPY,pip_builder,SELL,2023-09-15 17:30:00+00:00,157.706,157.749,157.576,4.300000000000637,12.999999999999545,SL,-1.0,-4.300000000000637,bearish engulfing,5m,2023-09-15 17:40:00+00:00,6
GBPUSD,GBP/USD,pip_builder,SELL,2023-09-18 03:25:00+00:00,1.23903,1.2395900000000002,1.23765,5.60000000000116,13.800000000001589,SL,-1.0,-5.60000000000116,bearish engulfing,5m,2023-09-18 04:54:00+00:00,6
GBPUSD,GBP/USD,pip_builder,SELL,2023-09-19 18:00:00+00:00,1.23948,1.2397900000000002,1.237732908140946,3.100000000002545,17.47091859053862,TP,5.635780190491702,17.47091859053862,bearish engulfing,15m,2023-09-20 06:00:00+00:00,6
GBPJPY,GBP/JPY,pip_builder,SELL,2023-09-26 01:35:00+00:00,181.739,181.821,181.619,8.199999999999363,12.000000000000455,TP,1.4634146341465106,12.000000000000457,bearish engulfing,5m,2023-09-26 02:59:00+00:00,6
GBPUSD,GBP/USD,pip_builder,SELL,2023-09-28 10:20:00+00:00,1.21924,1.21994,1.21671,6.999999999999229,25.300000000001432,SL,-1.0,-6.999999999999229,bearish engulfing,5m,2023-09-28 10:57:00+00:00,6
GBPUSD,GBP/USD,pip_builder,SELL,2023-10-04 08:20:00+00:00,1.20851,1.20933,1.20605,8.20000000000043,24.599999999999067,SL,-1.0,-8.20000000000043,bearish engulfing,5m,2023-10-04 08:30:00+00:00,6
USDJPY,USD/JPY,pip_builder,SELL,2023-10-10 22:00:00+00:00,148.655,148.726,148.5537802919966,7.099999999999795,10.121970800341273,TP,1.425629690188953,10.121970800341273,bearish engulfing,5m,2023-10-11 00:10:00+00:00,6
EURJPY,EUR/JPY,pip_builder,SELL,2023-10-11 05:00:00+00:00,157.847,157.91199999999998,157.5607802355953,6.4999999999969305,28.621976440470576,SL,-1.0,-6.4999999999969305,bearish engulfing,5m,2023-10-11 05:35:00+00:00,6
USDCAD,USD/CAD,pip_builder,BUY,2023-10-15 21:15:00+00:00,1.36436,1.36395,1.3675098225976174,4.100000000000215,31.498225976174243,SL,-1.0,-4.100000000000215,bullish engulfing,5m,2023-10-16 02:23:00+00:00,6
EURJPY,EUR/JPY,pip_builder,BUY,2023-10-24 18:50:00+00:00,158.742,158.638,158.8935884305969,10.3999999999985,15.158843059691662,TP,1.457581063432101,15.158843059691662,double bottom (neckline break),5m,2023-10-25 04:57:00+00:00,6
GBPUSD,GBP/USD,pip_builder,SELL,2023-10-27 09:40:00+00:00,1.21386,1.21442,1.2125518978851364,5.60000000000116,13.081021148635408,TP,2.3358966336844107,13.081021148635408,bearish engulfing,5m,2023-10-27 10:23:00+00:00,6
EURJPY,EUR/JPY,pip_builder,BUY,2023-10-29 21:00:00+00:00,158.086,157.995,158.2605186034363,9.100000000000819,17.451860343629733,SL,-1.0,-9.100000000000819,bullish engulfing,5m,2023-10-29 21:14:00+00:00,6
EURJPY,EUR/JPY,pip_builder,BUY,2023-10-30 02:55:00+00:00,157.981,157.929,158.26956633711464,5.19999999999925,28.856633711464497,SL,-1.0,-5.19999999999925,bullish engulfing,5m,2023-10-30 03:36:00+00:00,6
USDCAD,USD/CAD,pip_builder,BUY,2023-11-01 23:25:00+00:00,1.38347,1.3828699999999998,1.38436,6.00000000000156,8.900000000000574,SL,-1.0,-6.00000000000156,bullish engulfing,5m,2023-11-02 00:00:00+00:00,6
NZDUSD,NZD/USD,pip_builder,SELL,2023-11-02 00:30:00+00:00,0.5888,0.58951,0.5859786025060022,7.099999999999884,28.213974939977902,SL,-1.0,-7.099999999999884,bearish engulfing,15m,2023-11-02 01:22:00+00:00,6
EURJPY,EUR/JPY,pip_builder,BUY,2023-11-02 09:20:00+00:00,159.811,159.704,160.02,10.699999999999932,20.90000000000032,TP,1.9532710280374255,20.90000000000032,bullish engulfing,5m,2023-11-02 11:11:00+00:00,6
EURJPY,EUR/JPY,pip_builder,BUY,2023-11-09 21:30:00+00:00,161.457,161.417,161.6829963180744,3.999999999999204,22.5996318074408,SL,-1.0,-3.999999999999204,bullish engulfing,5m,2023-11-09 22:00:00+00:00,6
USDCAD,USD/CAD,pip_builder,SELL,2023-11-16 13:05:00+00:00,1.37251,1.37318,1.3713119246120826,6.700000000001705,11.980753879172745,TP,1.7881722207715967,11.980753879172745,bearish engulfing,5m,2023-11-16 13:30:00+00:00,6
EURJPY,EUR/JPY,pip_builder,BUY,2023-11-17 04:25:00+00:00,163.401,163.328,163.603,7.30000000000075,20.199999999999818,SL,-1.0,-7.30000000000075,bullish engulfing,5m,2023-11-17 07:22:00+00:00,6
NZDUSD,NZD/USD,pip_builder,BUY,2023-11-22 17:30:00+00:00,0.60184,0.60149,0.60296,3.5000000000007248,11.200000000000099,SL,-1.0,-3.5000000000007248,bullish engulfing,5m,2023-11-22 17:43:00+00:00,6
EURUSD,EUR/USD,pip_builder,BUY,2023-11-30 05:05:00+00:00,1.0972000000000002,1.0966699999999998,1.09838,5.300000000003635,11.799999999997368,SL,-1.0,-5.300000000003635,bullish engulfing,5m,2023-11-30 05:43:00+00:00,6
USDJPY,USD/JPY,pip_builder,SELL,2023-12-11 00:45:00+00:00,145.209,145.314,144.542,10.499999999998977,66.70000000000016,SL,-1.0,-10.499999999998977,bearish engulfing,5m,2023-12-11 00:54:00+00:00,6
USDJPY,USD/JPY,pip_builder,SELL,2023-12-15 18:30:00+00:00,142.169,142.244,141.64702956867995,7.499999999998863,52.19704313200566,SL,-1.0,-7.499999999998863,bearish engulfing,5m,2023-12-15 18:55:00+00:00,6
USDJPY,USD/JPY,pip_builder,SELL,2023-12-22 05:45:00+00:00,142.458,142.55599999999998,142.33391907142789,9.799999999998477,12.408092857211273,TP,1.2661319242054287,12.408092857211273,bearish engulfing,15m,2023-12-22 06:06:00+00:00,6
GBPUSD,GBP/USD,pip_builder,BUY,2024-01-04 20:35:00+00:00,1.26837,1.26772,1.2696900620552158,6.500000000000394,13.200620552158426,SL,-1.0,-6.500000000000394,bullish engulfing,5m,2024-01-04 20:51:00+00:00,6
USDJPY,USD/JPY,pip_builder,BUY,2024-01-12 18:35:00+00:00,144.94899999999998,144.852,145.15,9.699999999997999,20.100000000002183,SL,-1.0,-9.699999999997999,bullish engulfing,5m,2024-01-12 18:55:00+00:00,6
NZDUSD,NZD/USD,pip_builder,BUY,2024-01-15 11:30:00+00:00,0.6196200000000001,0.6191800000000001,0.6211920388504191,4.3999999999999595,15.720388504190108,SL,-1.0,-4.3999999999999595,bullish engulfing,5m,2024-01-15 12:33:00+00:00,6
EURJPY,EUR/JPY,pip_builder,BUY,2024-01-18 15:00:00+00:00,160.73,160.64600000000002,160.851,8.399999999997476,12.100000000000932,TP,1.4404761904767343,12.100000000000932,bullish engulfing,5m,2024-01-18 15:11:00+00:00,6
GBPUSD,GBP/USD,pip_builder,BUY,2024-01-19 04:00:00+00:00,1.27119,1.27063,1.2722875775852636,5.60000000000116,10.975775852635206,SL,-1.0,-5.60000000000116,bullish engulfing,15m,2024-01-19 05:04:00+00:00,6
NZDUSD,NZD/USD,pip_builder,SELL,2024-01-22 03:15:00+00:00,0.61257,0.61295,0.6107156849770342,3.8000000000004697,18.543150229657357,SL,-1.0,-3.8000000000004697,bearish engulfing,5m,2024-01-22 03:31:00+00:00,6
GBPJPY,GBP/JPY,pip_builder,BUY,2024-01-23 14:00:00+00:00,188.101,187.997,188.31752777343854,10.3999999999985,21.652777343854268,SL,-1.0,-10.3999999999985,bullish engulfing,15m,2024-01-23 14:30:00+00:00,6
USDJPY,USD/JPY,pip_builder,BUY,2024-02-11 22:25:00+00:00,149.266,149.193,149.460258024203,7.299999999997908,19.425802420300897,SL,-1.0,-7.299999999997908,bullish engulfing,5m,2024-02-11 23:01:00+00:00,6
USDJPY,USD/JPY,pip_builder,BUY,2024-02-12 04:00:00+00:00,149.255,149.203,149.4624913222867,5.19999999999925,20.749132228669964,SL,-1.0,-5.19999999999925,bullish engulfing,5m,2024-02-12 05:16:00+00:00,6
GBPUSD,GBP/USD,pip_builder,SELL,2024-02-14 22:15:00+00:00,1.25623,1.25679,1.25394,5.60000000000116,22.899999999999032,SL,-1.0,-5.60000000000116,bearish engulfing,15m,2024-02-14 23:33:00+00:00,6
NZDUSD,NZD/USD,pip_builder,SELL,2024-02-15 11:55:00+00:00,0.60943,0.60975,0.6080106527867911,3.1999999999998696,14.193472132089102,SL,-1.0,-3.1999999999998696,bearish engulfing,5m,2024-02-15 12:33:00+00:00,6
USDCAD,USD/CAD,pip_builder,BUY,2024-02-22 07:25:00+00:00,1.34579,1.3454899999999999,1.3480880264894783,3.00000000000189,22.980264894782998,SL,-1.0,-3.00000000000189,bullish engulfing,5m,2024-02-22 07:36:00+00:00,6
USDJPY,USD/JPY,pip_builder,BUY,2024-02-23 00:00:00+00:00,150.48499999999999,150.43400000000003,150.61537992251138,5.09999999999593,13.037992251139485,SL,-1.0,-5.09999999999593,bullish engulfing,15m,2024-02-23 00:08:00+00:00,6
GBPJPY,GBP/JPY,pip_builder,BUY,2024-02-26 01:20:00+00:00,190.395,190.31300000000002,190.655,8.199999999999363,25.99999999999909,TP,3.1707317073172083,25.99999999999909,bullish engulfing,5m,2024-02-26 04:41:00+00:00,6
GBPJPY,GBP/JPY,pip_builder,BUY,2024-02-27 09:35:00+00:00,190.544,190.46800000000002,190.655,7.599999999999341,11.099999999999,TP,1.4605263157894688,11.099999999999,bullish engulfing,5m,2024-02-27 09:59:00+00:00,6
GBPJPY,GBP/JPY,pip_builder,BUY,2024-03-06 02:25:00+00:00,190.392,190.33200000000002,190.51443964932886,5.999999999997385,12.243964932886797,SL,-1.0,-5.999999999997385,bullish engulfing,5m,2024-03-06 07:02:00+00:00,6
GBPUSD,GBP/USD,pip_builder,BUY,2024-03-11 06:55:00+00:00,1.28461,1.28415,1.285949620220397,4.60000000000127,13.396202203970198,SL,-1.0,-4.60000000000127,bullish engulfing,5m,2024-03-11 07:08:00+00:00,6
GBPJPY,GBP/JPY,pip_builder,SELL,2024-03-12 01:30:00+00:00,188.793,188.855,188.457,6.19999999999834,33.60000000000127,SL,-1.0,-6.19999999999834,bearish engulfing,5m,2024-03-12 01:38:00+00:00,6
GBPJPY,GBP/JPY,pip_builder,SELL,2024-04-22 02:40:00+00:00,191.572,191.65599999999998,190.954,8.399999999997476,61.7999999999995,SL,-1.0,-8.399999999997476,bearish engulfing,5m,2024-04-22 04:15:00+00:00,6
EURJPY,EUR/JPY,pip_builder,BUY,2024-04-29 08:25:00+00:00,167.113,166.86700000000002,168.347,24.59999999999809,123.40000000000089,SL,-1.0,-24.59999999999809,bullish engulfing,5m,2024-04-29 08:32:00+00:00,6
GBPJPY,GBP/JPY,pip_builder,BUY,2024-05-07 21:55:00+00:00,193.372,193.29000000000002,193.502,8.199999999999363,12.999999999999545,TP,1.5853658536586042,12.999999999999545,bullish engulfing,5m,2024-05-07 23:00:00+00:00,6
USDJPY,USD/JPY,pip_builder,SELL,2024-05-16 18:00:00+00:00,155.25,155.31199999999998,155.152,6.19999999999834,9.800000000001319,SL,-1.0,-6.19999999999834,bearish engulfing,5m,2024-05-16 18:34:00+00:00,6
GBPJPY,GBP/JPY,pip_builder,BUY,2024-05-21 16:50:00+00:00,198.471,198.41400000000002,198.64,5.699999999998795,16.899999999998272,SL,-1.0,-5.699999999998795,bullish engulfing,5m,2024-05-21 16:57:00+00:00,6
GBPUSD,GBP/USD,pip_builder,BUY,2024-05-29 03:45:00+00:00,1.2751,1.27471,1.2761,3.8999999999989043,10.000000000001119,SL,-1.0,-3.8999999999989043,bullish engulfing,5m,2024-05-29 04:08:00+00:00,6
GBPJPY,GBP/JPY,pip_builder,BUY,2024-05-29 19:25:00+00:00,200.28900000000002,200.20600000000002,200.38936948254178,8.29999999999984,10.036948254176536,SL,-1.0,-8.29999999999984,bullish engulfing,5m,2024-05-29 20:59:00+00:00,6
EURJPY,EUR/JPY,pip_builder,BUY,2024-06-04 03:00:00+00:00,170.54,170.49,170.67204524926174,4.999999999998295,13.204524926175054,SL,-1.0,-4.999999999998295,bullish engulfing,5m,2024-06-04 04:45:00+00:00,6
GBPUSD,GBP/USD,pip_builder,BUY,2024-06-10 05:35:00+00:00,1.27167,1.2711899999999998,1.2730674807403313,4.80000000000258,13.974807403311917,SL,-1.0,-4.80000000000258,bullish engulfing,5m,2024-06-10 06:05:00+00:00,6
NZDUSD,NZD/USD,pip_builder,BUY,2024-06-13 14:40:00+00:00,0.61646,0.61605,0.6185380311718309,4.100000000000215,20.780311718309186,SL,-1.0,-4.100000000000215,bullish engulfing,5m,2024-06-13 16:45:00+00:00,6
USDJPY,USD/JPY,pip_builder,BUY,2024-06-28 16:45:00+00:00,160.861,160.79000000000002,161.1918227071908,7.099999999996953,33.0822707190805,SL,-1.0,-7.099999999996953,double bottom (neckline break),5m,2024-06-28 17:11:00+00:00,6
USDJPY,USD/JPY,pip_builder,BUY,2024-07-05 02:00:00+00:00,161.01299999999998,160.93200000000002,161.121,8.099999999996044,10.800000000003251,SL,-1.0,-8.099999999996044,bullish engulfing,5m,2024-07-05 02:24:00+00:00,6
USDCAD,USD/CAD,pip_builder,SELL,2024-07-05 18:15:00+00:00,1.36347,1.36393,1.36251,4.60000000000127,9.599999999998499,SL,-1.0,-4.60000000000127,bearish engulfing,5m,2024-07-05 20:39:00+00:00,6
GBPJPY,GBP/JPY,pip_builder,BUY,2024-07-08 14:35:00+00:00,206.21,206.09900000000002,206.437,11.099999999999,22.700000000000387,SL,-1.0,-11.099999999999,bullish engulfing,5m,2024-07-08 14:51:00+00:00,6
USDCAD,USD/CAD,pip_builder,SELL,2024-07-09 08:55:00+00:00,1.36397,1.36433,1.3628804546849962,3.60000000000138,10.895453150037149,SL,-1.0,-3.60000000000138,bearish engulfing,5m,2024-07-09 10:11:00+00:00,6
EURUSD,EUR/USD,pip_builder,BUY,2024-07-16 15:25:00+00:00,1.0882800000000001,1.08787,1.08999,4.100000000002435,17.099999999998783,TP,4.1707317073142995,17.099999999998783,bullish engulfing,5m,2024-07-16 19:46:00+00:00,6
GBPJPY,GBP/JPY,pip_builder,BUY,2024-07-17 11:25:00+00:00,204.201,204.042,204.72860884409644,15.899999999999181,52.76088440964486,SL,-1.0,-15.899999999999181,bullish engulfing,5m,2024-07-17 11:37:00+00:00,6
EURUSD,EUR/USD,pip_builder,BUY,2024-07-18 09:30:00+00:00,1.0928900000000001,1.09256,1.0941,3.300000000001635,12.099999999999334,SL,-1.0,-3.300000000001635,bullish engulfing,5m,2024-07-18 12:51:00+00:00,6
EURJPY,EUR/JPY,pip_builder,SELL,2024-07-19 01:55:00+00:00,171.428,171.515,171.20784307900766,8.699999999998909,22.015692099233775,SL,-1.0,-8.699999999998909,bearish engulfing,5m,2024-07-19 02:41:00+00:00,6
EURJPY,EUR/JPY,pip_builder,SELL,2024-07-22 17:30:00+00:00,171.049,171.125,170.908,7.599999999999341,14.100000000001955,SL,-1.0,-7.599999999999341,bearish engulfing,5m,2024-07-22 17:47:00+00:00,6
USDJPY,USD/JPY,pip_builder,SELL,2024-07-23 03:05:00+00:00,156.622,156.683,156.284,6.099999999997863,33.80000000000223,TP,5.540983606559684,33.80000000000223,bearish engulfing,5m,2024-07-23 03:51:00+00:00,6
USDJPY,USD/JPY,pip_builder,SELL,2024-07-25 16:30:00+00:00,154.264,154.313,153.105,4.899999999997817,115.90000000000202,SL,-1.0,-4.899999999997817,bearish engulfing,5m,2024-07-25 16:41:00+00:00,6
USDJPY,USD/JPY,pip_builder,SELL,2024-07-26 01:20:00+00:00,153.847,154.058,153.105,21.09999999999843,74.20000000000186,SL,-1.0,-21.09999999999843,bearish engulfing,5m,2024-07-26 07:34:00+00:00,6
USDJPY,USD/JPY,pip_builder,SELL,2024-07-29 12:30:00+00:00,153.938,154.046,153.499,10.80000000000041,43.899999999999295,SL,-1.0,-10.80000000000041,bearish engulfing,5m,2024-07-29 13:32:00+00:00,6
USDJPY,USD/JPY,pip_builder,SELL,2024-07-30 08:00:00+00:00,154.859,154.97699999999998,154.38085307453986,11.799999999996658,47.81469254601518,SL,-1.0,-11.799999999996658,bearish engulfing,5m,2024-07-30 12:18:00+00:00,6
EURJPY,EUR/JPY,pip_builder,SELL,2024-08-01 04:05:00+00:00,161.915,162.09699999999998,161.60239399124785,18.199999999998795,31.260600875214095,SL,-1.0,-18.199999999998795,bearish engulfing,5m,2024-08-01 04:51:00+00:00,6
USDJPY,USD/JPY,pip_builder,SELL,2024-08-02 04:30:00+00:00,149.398,149.594,148.90373576856186,19.599999999999795,49.426423143813736,TP,2.521756282847666,49.42642314381374,bearish engulfing,15m,2024-08-02 05:59:00+00:00,6
USDCAD,USD/CAD,pip_builder,BUY,2024-08-04 21:50:00+00:00,1.38673,1.38615,1.3881815935601618,5.800000000000249,14.515935601617791,TP,2.502747517520201,14.515935601617791,bullish engulfing,5m,2024-08-04 23:49:00+00:00,6
USDCAD,USD/CAD,pip_builder,BUY,2024-08-05 23:55:00+00:00,1.38064,1.38001,1.3817221656843695,6.300000000001305,10.821656843693628,SL,-1.0,-6.300000000001305,bullish engulfing,5m,2024-08-06 00:45:00+00:00,6
GBPUSD,GBP/USD,pip_builder,SELL,2024-08-07 02:35:00+00:00,1.27052,1.27136,1.26844,8.399999999999519,20.800000000000818,SL,-1.0,-8.399999999999519,bearish engulfing,5m,2024-08-07 03:53:00+00:00,6
EURJPY,EUR/JPY,pip_builder,SELL,2024-08-14 16:30:00+00:00,161.848,161.97099999999998,161.654,12.299999999996203,19.400000000001683,SL,-1.0,-12.299999999996203,bearish engulfing,15m,2024-08-14 17:05:00+00:00,6
USDJPY,USD/JPY,pip_builder,BUY,2024-08-19 07:10:00+00:00,145.79999999999998,145.686,146.45876781748885,11.39999999999759,65.87678174888651,SL,-1.0,-11.39999999999759,bullish engulfing,5m,2024-08-19 07:19:00+00:00,6
EURUSD,EUR/USD,pip_builder,BUY,2024-08-22 15:55:00+00:00,1.11138,1.1107099999999999,1.1128547728987763,6.700000000001705,14.747728987762887,SL,-1.0,-6.700000000001705,bullish engulfing,5m,2024-08-22 17:17:00+00:00,6
USDJPY,USD/JPY,pip_builder,SELL,2024-09-12 21:10:00+00:00,141.746,141.867,141.247,12.09999999999809,49.89999999999952,SL,-1.0,-12.09999999999809,double top (neckline break),5m,2024-09-12 22:13:00+00:00,6
USDJPY,USD/JPY,pip_builder,SELL,2024-09-16 21:05:00+00:00,140.572,140.629,140.36535180013524,5.699999999998795,20.66481998647589,SL,-1.0,-5.699999999998795,bearish engulfing,5m,2024-09-16 22:00:00+00:00,6
GBPJPY,GBP/JPY,pip_builder,BUY,2024-09-20 04:00:00+00:00,189.085,188.901,189.405,18.39999999999975,31.999999999999318,TP,1.7391304347825953,31.999999999999318,bullish engulfing,5m,2024-09-20 06:35:00+00:00,6
USDJPY,USD/JPY,pip_builder,SELL,2024-09-20 10:05:00+00:00,143.854,143.969,143.0506336974974,11.499999999998067,80.33663025026101,SL,-1.0,-11.499999999998067,bearish engulfing,5m,2024-09-20 10:31:00+00:00,6
USDJPY,USD/JPY,pip_builder,SELL,2024-09-30 10:40:00+00:00,142.688,142.813,142.066,12.5,62.19999999999857,SL,-1.0,-12.5,bearish engulfing,5m,2024-09-30 12:17:00+00:00,6
NZDUSD,NZD/USD,pip_builder,BUY,2024-10-01 05:40:00+00:00,0.63368,0.6331600000000001,0.63553,5.199999999999649,18.50000000000018,SL,-1.0,-5.199999999999649,bullish engulfing,5m,2024-10-01 05:55:00+00:00,6
NZDUSD,NZD/USD,pip_builder,BUY,2024-10-01 10:50:00+00:00,0.63093,0.63056,0.63229,3.6999999999998145,13.600000000000279,SL,-1.0,-3.6999999999998145,bullish engulfing,5m,2024-10-01 13:35:00+00:00,6
GBPJPY,GBP/JPY,pip_builder,BUY,2024-10-02 12:05:00+00:00,192.425,192.311,192.879,11.400000000000432,45.39999999999793,TP,3.982456140350545,45.39999999999793,bullish engulfing,5m,2024-10-02 12:27:00+00:00,6
EURJPY,EUR/JPY,pip_builder,BUY,2024-10-03 07:05:00+00:00,161.927,161.894,162.488,3.299999999998704,56.100000000000705,SL,-1.0,-3.299999999998704,bullish engulfing,5m,2024-10-03 07:10:00+00:00,6
EURJPY,EUR/JPY,pip_builder,BUY,2024-10-04 02:30:00+00:00,161.647,161.53900000000002,161.83392997166206,10.799999999997567,18.692997166206737,SL,-1.0,-10.799999999997567,bullish engulfing,15m,2024-10-04 02:50:00+00:00,6
EURJPY,EUR/JPY,pip_builder,BUY,2024-10-10 18:15:00+00:00,162.504,162.455,162.64,4.899999999997817,13.599999999999568,SL,-1.0,-4.899999999997817,bullish engulfing,5m,2024-10-10 18:25:00+00:00,6
USDJPY,USD/JPY,pip_builder,BUY,2024-10-11 01:10:00+00:00,148.51399999999998,148.38600000000002,148.685,12.799999999995748,17.10000000000207,TP,1.3359375000006055,17.10000000000207,bullish engulfing,5m,2024-10-11 01:49:00+00:00,6
EURJPY,EUR/JPY,pip_builder,BUY,2024-10-15 01:40:00+00:00,163.055,162.99800000000002,163.19421252103783,5.699999999998795,13.921252103781967,TP,2.4423249304885806,13.921252103781967,bullish engulfing,5m,2024-10-15 02:09:00+00:00,6
USDJPY,USD/JPY,pip_builder,BUY,2024-10-17 10:15:00+00:00,149.59699999999998,149.55700000000002,149.75468194737942,3.999999999996362,15.768194737944441,SL,-1.0,-3.999999999996362,bullish engulfing,5m,2024-10-17 10:56:00+00:00,6
USDCAD,USD/CAD,pip_builder,BUY,2024-10-22 19:40:00+00:00,1.38174,1.38133,1.383586738232777,4.100000000000215,18.467382327769233,SL,-1.0,-4.100000000000215,bullish engulfing,5m,2024-10-22 21:03:00+00:00,6
GBPJPY,GBP/JPY,pip_builder,BUY,2024-10-29 04:35:00+00:00,198.15800000000002,198.018,198.43,14.000000000001478,27.199999999999136,TP,1.942857142856876,27.199999999999136,bullish engulfing,5m,2024-10-29 05:16:00+00:00,6
USDJPY,USD/JPY,pip_builder,BUY,2024-10-30 09:35:00+00:00,152.95999999999998,152.89000000000001,153.185,6.999999999996476,22.500000000002274,SL,-1.0,-6.999999999996476,bullish engulfing,5m,2024-10-30 09:46:00+00:00,6
USDCAD,USD/CAD,pip_builder,BUY,2024-10-31 00:20:00+00:00,1.39124,1.39069,1.39243,5.5000000000005045,11.900000000000244,TP,2.1636363636362095,11.900000000000244,bullish engulfing,5m,2024-10-31 09:44:00+00:00,6
GBPJPY,GBP/JPY,pip_builder,BUY,2024-10-31 03:55:00+00:00,198.046,197.883,198.43,16.29999999999825,38.400000000001455,SL,-1.0,-16.29999999999825,bullish engulfing,5m,2024-10-31 05:04:00+00:00,6
GBPJPY,GBP/JPY,pip_builder,BUY,2024-11-08 05:15:00+00:00,198.145,198.01700000000002,198.368,12.79999999999859,22.299999999998477,SL,-1.0,-12.79999999999859,bullish engulfing,5m,2024-11-08 06:45:00+00:00,6
USDJPY,USD/JPY,pip_builder,BUY,2024-11-11 01:20:00+00:00,153.064,153.024,153.366,3.999999999999204,30.200000000002092,TP,7.550000000002025,30.200000000002092,bullish engulfing,5m,2024-11-11 02:34:00+00:00,6
USDJPY,USD/JPY,pip_builder,BUY,2024-11-15 10:00:00+00:00,155.358,155.247,155.622,11.099999999999,26.400000000001,SL,-1.0,-11.099999999999,bullish engulfing,5m,2024-11-15 10:34:00+00:00,6
EURJPY,EUR/JPY,pip_builder,SELL,2024-11-19 14:40:00+00:00,163.129,163.213,162.712,8.400000000000318,41.70000000000016,SL,-1.0,-8.400000000000318,bearish engulfing,5m,2024-11-19 15:39:00+00:00,6
USDCAD,USD/CAD,pip_builder,SELL,2024-11-19 21:40:00+00:00,1.3956,1.3960700000000001,1.39445,4.700000000001925,11.499999999999844,SL,-1.0,-4.700000000001925,bearish engulfing,5m,2024-11-20 01:18:00+00:00,6
GBPUSD,GBP/USD,pip_builder,SELL,2024-11-25 00:05:00+00:00,1.25887,1.25946,1.25758,5.9000000000009045,12.900000000000134,SL,-1.0,-5.9000000000009045,bearish engulfing,5m,2024-11-25 00:14:00+00:00,6
EURJPY,EUR/JPY,pip_builder,SELL,2024-11-25 03:05:00+00:00,161.103,161.291,160.869,18.799999999998818,23.400000000000887,SL,-1.0,-18.799999999998818,bearish engulfing,5m,2024-11-25 03:40:00+00:00,6
EURJPY,EUR/JPY,pip_builder,SELL,2024-11-28 03:50:00+00:00,160.033,160.12099999999998,159.879,8.799999999999386,15.399999999999636,TP,1.7500000000000808,15.399999999999636,bearish engulfing,5m,2024-11-28 05:27:00+00:00,6
GBPJPY,GBP/JPY,pip_builder,SELL,2024-12-02 03:10:00+00:00,191.124,191.158,190.882,3.3999999999991815,24.199999999999022,SL,-1.0,-3.3999999999991815,bearish engulfing,5m,2024-12-02 03:15:00+00:00,6
EURUSD,EUR/USD,pip_builder,SELL,2024-12-03 09:40:00+00:00,1.05184,1.0523500000000001,1.0499094712701857,5.1000000000001044,19.305287298143625,SL,-1.0,-5.1000000000001044,bearish engulfing,5m,2024-12-03 10:09:00+00:00,6
USDJPY,USD/JPY,pip_builder,SELL,2024-12-06 11:20:00+00:00,150.532,150.634,150.29112357632545,10.199999999997544,24.087642367456397,SL,-1.0,-10.199999999997544,bearish engulfing,5m,2024-12-06 12:02:00+00:00,6
EURJPY,EUR/JPY,pip_builder,SELL,2024-12-11 20:20:00+00:00,160.092,160.12699999999998,159.564,3.4999999999968168,52.800000000002,SL,-1.0,-3.4999999999968168,bearish engulfing,5m,2024-12-11 20:42:00+00:00,6
EURJPY,EUR/JPY,pip_builder,SELL,2024-12-13 01:40:00+00:00,159.966,160.076,159.65144271554877,10.999999999998522,31.45572844512401,SL,-1.0,-10.999999999998522,bearish engulfing,5m,2024-12-13 03:06:00+00:00,6
GBPJPY,GBP/JPY,pip_builder,SELL,2024-12-16 02:30:00+00:00,194.465,194.56099999999998,194.016,9.599999999997522,44.90000000000123,TP,4.677083333334669,44.90000000000123,bearish engulfing,5m,2024-12-16 07:33:00+00:00,6
GBPUSD,GBP/USD,pip_builder,SELL,2024-12-27 11:40:00+00:00,1.25482,1.2552,1.2526968422870333,3.8000000000004697,21.231577129667834,SL,-1.0,-3.8000000000004697,bearish engulfing,5m,2024-12-27 11:49:00+00:00,6
GBPJPY,GBP/JPY,pip_builder,BUY,2024-12-27 17:25:00+00:00,198.12900000000002,198.002,198.4196932706069,12.700000000000955,29.06932706068801,TP,2.288923390605183,29.06932706068801,bullish engulfing,5m,2024-12-27 19:18:00+00:00,6
EURUSD,EUR/USD,pip_builder,SELL,2025-01-03 11:35:00+00:00,1.02966,1.0300500000000001,1.02646,3.900000000001125,32.00000000000092,SL,-1.0,-3.900000000001125,bearish engulfing,5m,2025-01-03 11:44:00+00:00,6
NZDUSD,NZD/USD,pip_builder,SELL,2025-01-06 13:45:00+00:00,0.56762,0.5680499999999999,0.5665522915158447,4.299999999999304,10.67708484155272,SL,-1.0,-4.299999999999304,bearish engulfing,5m,2025-01-06 14:04:00+00:00,6
USDJPY,USD/JPY,pip_builder,BUY,2025-01-09 03:00:00+00:00,158.06699999999998,158.024,158.239,4.2999999999977945,17.200000000002547,SL,-1.0,-4.2999999999977945,bullish engulfing,5m,2025-01-09 03:07:00+00:00,6
GBPUSD,GBP/USD,pip_builder,SELL,2025-01-10 12:55:00+00:00,1.23156,1.2320900000000001,1.22938,5.300000000001415,21.800000000000708,SL,-1.0,-5.300000000001415,bearish engulfing,5m,2025-01-10 13:02:00+00:00,6
GBPUSD,GBP/USD,pip_builder,SELL,2025-01-13 23:55:00+00:00,1.22315,1.22405,1.21912,9.00000000000123,40.29999999999978,SL,-1.0,-9.00000000000123,bearish engulfing,5m,2025-01-14 08:16:00+00:00,6
EURUSD,EUR/USD,pip_builder,SELL,2025-01-14 00:15:00+00:00,1.02519,1.02603,1.02127,8.399999999999519,39.20000000000145,SL,-1.0,-8.399999999999519,bearish engulfing,5m,2025-01-14 07:04:00+00:00,6
USDJPY,USD/JPY,pip_builder,BUY,2025-01-15 06:10:00+00:00,157.32999999999998,157.26700000000002,157.52735091506932,6.2999999999959755,19.7350915069336,SL,-1.0,-6.2999999999959755,bullish engulfing,5m,2025-01-15 07:00:00+00:00,6
GBPUSD,GBP/USD,pip_builder,SELL,2025-01-20 05:55:00+00:00,1.221,1.22161,1.219380909095885,6.099999999999994,16.190909041151613,SL,-1.0,-6.099999999999994,bearish engulfing,5m,2025-01-20 06:53:00+00:00,6
NZDUSD,NZD/USD,pip_builder,SELL,2025-01-20 16:05:00+00:00,0.56541,0.56581,0.5634059097380703,4.00000000000067,20.04090261929714,SL,-1.0,-4.00000000000067,bearish engulfing,5m,2025-01-20 16:14:00+00:00,6
EURJPY,EUR/JPY,pip_builder,SELL,2025-01-27 17:50:00+00:00,161.846,161.96599999999998,161.5864789900621,11.999999999997613,25.952100993791305,SL,-1.0,-11.999999999997613,bearish engulfing,5m,2025-01-27 18:19:00+00:00,6
EURJPY,EUR/JPY,pip_builder,SELL,2025-01-28 07:45:00+00:00,162.641,162.67499999999998,162.43749700248543,3.3999999999991815,20.35029975145619,SL,-1.0,-3.3999999999991815,bearish engulfing,5m,2025-01-28 07:51:00+00:00,6
GBPJPY,GBP/JPY,pip_builder,SELL,2025-02-03 19:40:00+00:00,192.053,192.23299999999998,191.70897870215555,17.99999999999784,34.402129784444924,SL,-1.0,-17.99999999999784,bearish engulfing,5m,2025-02-03 21:32:00+00:00,6
EURUSD,EUR/USD,pip_builder,BUY,2025-02-06 03:00:00+00:00,1.03946,1.03893,1.04125,5.300000000001415,17.899999999999583,SL,-1.0,-5.300000000001415,bullish engulfing,15m,2025-02-06 04:36:00+00:00,6
GBPUSD,GBP/USD,pip_builder,BUY,2025-02-13 14:00:00+00:00,1.24662,1.2461399999999998,1.24831,4.80000000000258,16.899999999999693,SL,-1.0,-4.80000000000258,bullish engulfing,5m,2025-02-13 14:09:00+00:00,6
EURJPY,EUR/JPY,pip_builder,SELL,2025-02-18 06:35:00+00:00,158.911,158.97299999999998,158.56401742766187,6.19999999999834,34.69825723381348,SL,-1.0,-6.19999999999834,bearish engulfing,5m,2025-02-18 06:50:00+00:00,6
EURJPY,EUR/JPY,pip_builder,SELL,2025-02-20 22:55:00+00:00,156.988,157.039,156.371327238959,5.099999999998772,61.66727610410021,SL,-1.0,-5.099999999998772,bearish engulfing,5m,2025-02-20 23:00:00+00:00,6
EURJPY,EUR/JPY,pip_builder,SELL,2025-02-21 03:05:00+00:00,157.937,158.094,157.711,15.699999999998226,22.59999999999991,SL,-1.0,-15.699999999998226,bearish engulfing,5m,2025-02-21 03:23:00+00:00,6
GBPUSD,GBP/USD,pip_builder,BUY,2025-02-24 08:00:00+00:00,1.26403,1.2636399999999999,1.26671,3.900000000001125,26.800000000000157,SL,-1.0,-3.900000000001125,bullish engulfing,5m,2025-02-24 08:19:00+00:00,6
EURJPY,EUR/JPY,pip_builder,SELL,2025-02-24 15:45:00+00:00,156.266,156.378,155.939647183488,11.199999999999477,32.63528165119851,SL,-1.0,-11.199999999999477,bearish engulfing,5m,2025-02-24 16:00:00+00:00,6
GBPJPY,GBP/JPY,pip_builder,SELL,2025-02-25 01:25:00+00:00,189.507,189.67399999999998,189.154,16.699999999997317,35.300000000000864,TP,2.1137724550902117,35.300000000000864,bearish engulfing,5m,2025-02-25 03:40:00+00:00,6
USDJPY,USD/JPY,pip_builder,SELL,2025-03-05 19:20:00+00:00,149.021,149.154,148.83687492836185,13.300000000000978,18.41250716381353,TP,1.384399034873096,18.41250716381353,bearish engulfing,5m,2025-03-05 19:57:00+00:00,6
USDJPY,USD/JPY,pip_builder,SELL,2025-03-07 20:40:00+00:00,147.981,148.07,147.567,8.899999999999864,41.39999999999873,SL,-1.0,-8.899999999999864,bearish engulfing,5m,2025-03-07 20:55:00+00:00,6
USDCAD,USD/CAD,pip_builder,BUY,2025-03-10 02:00:00+00:00,1.4369,1.43623,1.43764,6.700000000001705,7.399999999999629,SL,-1.0,-6.700000000001705,bullish engulfing,5m,2025-03-10 02:46:00+00:00,6
USDJPY,USD/JPY,pip_builder,SELL,2025-03-12 00:30:00+00:00,147.914,147.95299999999997,147.567,3.8999999999987267,34.699999999998,SL,-1.0,-3.8999999999987267,bearish engulfing,5m,2025-03-12 00:38:00+00:00,6
GBPUSD,GBP/USD,pip_builder,BUY,2025-03-13 18:00:00+00:00,1.2952,1.29456,1.296286783492071,6.399999999999739,10.867834920711417,SL,-1.0,-6.399999999999739,bullish engulfing,5m,2025-03-13 18:25:00+00:00,6
GBPJPY,GBP/JPY,pip_builder,BUY,2025-03-14 15:00:00+00:00,191.81300000000002,191.65300000000002,192.0387744989398,15.999999999999659,22.577449893978496,SL,-1.0,-15.999999999999659,bullish engulfing,5m,2025-03-14 15:14:00+00:00,6
GBPUSD,GBP/USD,pip_builder,BUY,2025-03-14 16:55:00+00:00,1.29287,1.2923399999999998,1.2942858429197224,5.300000000001415,14.158429197224098,EXP,-0.24528301886779014,-1.2999999999996348,bullish engulfing,5m,2025-03-14 19:59:00+00:00,6
USDJPY,USD/JPY,pip_builder,BUY,2025-03-25 10:05:00+00:00,150.191,150.15,150.754,4.099999999999682,56.29999999999882,SL,-1.0,-4.099999999999682,bullish engulfing,5m,2025-03-25 10:10:00+00:00,6
USDJPY,USD/JPY,pip_builder,BUY,2025-03-30 21:20:00+00:00,149.74699999999999,149.686,149.951,6.099999999997863,20.400000000000773,SL,-1.0,-6.099999999997863,bullish engulfing,5m,2025-03-30 21:32:00+00:00,6
GBPJPY,GBP/JPY,pip_builder,BUY,2025-03-31 00:40:00+00:00,193.183,193.05800000000002,193.4267333865161,12.499999999997158,24.37333865161122,TP,1.949867092129341,24.37333865161122,bullish engulfing,5m,2025-03-31 00:50:00+00:00,6
GBPJPY,GBP/JPY,pip_builder,BUY,2025-04-03 11:40:00+00:00,192.743,192.53900000000002,193.35588660450043,20.39999999999793,61.28866045004315,SL,-1.0,-20.39999999999793,bullish engulfing,5m,2025-04-03 11:52:00+00:00,6
GBPUSD,GBP/USD,pip_builder,BUY,2025-04-04 09:40:00+00:00,1.29781,1.2965399999999998,1.29919,12.700000000001044,13.800000000001589,TP,1.0866141732283823,13.800000000001589,bullish engulfing,5m,2025-04-04 10:00:00+00:00,6
GBPUSD,GBP/USD,pip_builder,BUY,2025-04-09 21:30:00+00:00,1.28141,1.2800399999999998,1.2859425341067825,13.700000000000934,45.3253410678256,TP,3.3084190560454387,45.3253410678256,bullish engulfing,15m,2025-04-10 04:52:00+00:00,6
USDCAD,USD/CAD,pip_builder,SELL,2025-04-10 06:25:00+00:00,1.40645,1.4075300000000002,1.40528,10.80000000000192,11.699999999998933,SL,-1.0,-10.80000000000192,bearish engulfing,5m,2025-04-10 06:37:00+00:00,6
USDCAD,USD/CAD,pip_builder,SELL,2025-04-14 23:50:00+00:00,1.3902,1.3909600000000002,1.38614,7.600000000000939,40.60000000000174,TP,5.342105263157464,40.60000000000174,bearish engulfing,5m,2025-04-15 04:27:00+00:00,6
EURJPY,EUR/JPY,pip_builder,SELL,2025-04-15 10:40:00+00:00,161.998,162.16799999999998,161.703,16.99999999999875,29.49999999999875,TP,1.7352941176471128,29.49999999999875,bearish engulfing,5m,2025-04-15 12:22:00+00:00,6
USDCAD,USD/CAD,pip_builder,SELL,2025-04-15 19:00:00+00:00,1.39699,1.3976300000000001,1.39506,6.40000000000196,19.299999999999873,TP,3.0156249999990568,19.299999999999873,double top (neckline break),5m,2025-04-15 21:04:00+00:00,6
EURJPY,EUR/JPY,pip_builder,BUY,2025-04-22 04:55:00+00:00,161.66,161.56900000000002,161.82,9.099999999997976,15.999999999999659,SL,-1.0,-9.099999999997976,bullish engulfing,5m,2025-04-22 05:25:00+00:00,6
GBPUSD,GBP/USD,pip_builder,BUY,2025-04-30 08:50:00+00:00,1.33687,1.3360999999999998,1.33904,7.7000000000015945,21.700000000000053,SL,-1.0,-7.7000000000015945,bullish engulfing,5m,2025-04-30 09:54:00+00:00,6
EURJPY,EUR/JPY,pip_builder,BUY,2025-05-05 06:55:00+00:00,163.485,163.41500000000002,163.756,6.999999999999318,27.09999999999866,SL,-1.0,-6.999999999999318,bullish engulfing,5m,2025-05-05 07:02:00+00:00,6
EURUSD,EUR/USD,pip_builder,SELL,2025-05-06 15:50:00+00:00,1.13393,1.13449,1.1323,5.599999999998939,16.300000000000203,SL,-1.0,-5.599999999998939,bearish engulfing,5m,2025-05-06 15:59:00+00:00,6
EURUSD,EUR/USD,pip_builder,SELL,2025-05-07 03:10:00+00:00,1.13404,1.1345800000000001,1.1323,5.40000000000207,17.399999999998528,SL,-1.0,-5.40000000000207,bearish engulfing,5m,2025-05-07 03:56:00+00:00,6
NZDUSD,NZD/USD,pip_builder,BUY,2025-05-30 10:25:00+00:00,0.59608,0.59563,0.59714,4.500000000000615,10.599999999999499,SL,-1.0,-4.500000000000615,bullish engulfing,5m,2025-05-30 10:50:00+00:00,6
GBPUSD,GBP/USD,pip_builder,BUY,2025-06-03 03:05:00+00:00,1.35243,1.35174,1.354901689679801,6.900000000000794,24.71689679800937,SL,-1.0,-6.900000000000794,bullish engulfing,5m,2025-06-03 03:28:00+00:00,6
EURJPY,EUR/JPY,pip_builder,BUY,2025-06-05 09:50:00+00:00,163.46,163.42100000000002,163.62711761867354,3.8999999999987267,16.711761867352948,TP,4.285067145476514,16.711761867352948,bullish engulfing,5m,2025-06-05 11:38:00+00:00,6
USDJPY,USD/JPY,pip_builder,BUY,2025-06-09 03:55:00+00:00,144.501,144.419,145.086,8.199999999999363,58.500000000000796,SL,-1.0,-8.199999999999363,bullish engulfing,5m,2025-06-09 04:05:00+00:00,6
USDCAD,USD/CAD,pip_builder,SELL,2025-06-12 06:00:00+00:00,1.36488,1.36522,1.36341,3.4000000000000696,14.700000000000824,SL,-1.0,-3.4000000000000696,bearish engulfing,5m,2025-06-12 06:10:00+00:00,6
GBPUSD,GBP/USD,pip_builder,BUY,2025-06-17 17:10:00+00:00,1.34707,1.34655,1.35098,5.20000000000076,39.1000000000008,SL,-1.0,-5.20000000000076,bullish engulfing,5m,2025-06-17 17:16:00+00:00,6
GBPJPY,GBP/JPY,pip_builder,BUY,2025-06-19 01:50:00+00:00,194.417,194.30200000000002,194.7108934278029,11.499999999998067,29.38934278028853,TP,2.555595024373345,29.38934278028853,bullish engulfing,5m,2025-06-19 06:50:00+00:00,6
USDJPY,USD/JPY,pip_builder,BUY,2025-06-30 01:55:00+00:00,144.33599999999998,144.23200000000003,144.52664793927715,10.399999999995657,19.064793927717005,SL,-1.0,-10.399999999995657,bullish engulfing,5m,2025-06-30 02:00:00+00:00,6
EURJPY,EUR/JPY,pip_builder,BUY,2025-07-01 00:45:00+00:00,169.473,169.39100000000002,169.637,8.199999999999363,16.399999999998727,SL,-1.0,-8.199999999999363,bullish engulfing,5m,2025-07-01 00:53:00+00:00,6
EURJPY,EUR/JPY,pip_builder,BUY,2025-07-09 17:00:00+00:00,171.351,171.292,171.63351459417694,5.89999999999975,28.25145941769449,SL,-1.0,-5.89999999999975,bullish engulfing,15m,2025-07-09 17:15:00+00:00,6
GBPJPY,GBP/JPY,pip_builder,BUY,2025-07-13 21:10:00+00:00,198.512,198.42100000000002,198.82,9.099999999997976,30.799999999999272,TP,3.3846153846160574,30.799999999999272,bullish engulfing,5m,2025-07-13 22:44:00+00:00,6
GBPJPY,GBP/JPY,pip_builder,BUY,2025-07-14 01:20:00+00:00,198.346,198.24300000000002,198.64426544379052,10.299999999998022,29.826544379051256,TP,2.8957810076754353,29.826544379051256,bullish engulfing,5m,2025-07-14 03:45:00+00:00,6
EURJPY,EUR/JPY,pip_builder,BUY,2025-07-17 05:05:00+00:00,172.612,172.50300000000001,172.731,10.899999999998045,11.899999999999977,SL,-1.0,-10.899999999998045,bullish engulfing,5m,2025-07-17 05:23:00+00:00,6
EURJPY,EUR/JPY,pip_builder,BUY,2025-07-20 23:00:00+00:00,172.793,172.691,173.051435619606,10.200000000000387,25.843561960599004,SL,-1.0,-10.200000000000387,bullish engulfing,5m,2025-07-20 23:19:00+00:00,6
EURJPY,EUR/JPY,pip_builder,BUY,2025-07-21 00:40:00+00:00,172.508,172.413,172.66480450391987,9.499999999999886,15.6804503919858,SL,-1.0,-9.499999999999886,bullish engulfing,5m,2025-07-21 00:47:00+00:00,6
GBPJPY,GBP/JPY,pip_builder,SELL,2025-07-31 08:25:00+00:00,198.025,198.107,197.867,8.199999999999363,15.800000000001546,SL,-1.0,-8.199999999999363,bearish engulfing,5m,2025-07-31 08:32:00+00:00,6
EURUSD,EUR/USD,pip_builder,SELL,2025-08-03 22:45:00+00:00,1.15794,1.1586800000000002,1.156886705768659,7.4000000000018495,10.532942313410398,SL,-1.0,-7.4000000000018495,bearish engulfing,5m,2025-08-03 23:00:00+00:00,6
EURUSD,EUR/USD,pip_builder,SELL,2025-08-04 01:10:00+00:00,1.15523,1.15629,1.15399,10.600000000000609,12.399999999999078,SL,-1.0,-10.600000000000609,bearish engulfing,5m,2025-08-04 01:43:00+00:00,6
EURUSD,EUR/USD,pip_builder,SELL,2025-08-06 05:00:00+00:00,1.15814,1.15874,1.15661,6.00000000000156,15.300000000000313,SL,-1.0,-6.00000000000156,bearish engulfing,5m,2025-08-06 06:34:00+00:00,6
EURJPY,EUR/JPY,pip_builder,SELL,2025-08-06 07:50:00+00:00,170.873,170.921,170.744,4.800000000000182,12.899999999999068,SL,-1.0,-4.800000000000182,bearish engulfing,5m,2025-08-06 07:57:00+00:00,6
USDJPY,USD/JPY,pip_builder,BUY,2025-08-07 05:15:00+00:00,147.292,147.198,147.47287588097745,9.399999999999409,18.08758809774531,SL,-1.0,-9.399999999999409,bullish engulfing,5m,2025-08-07 06:15:00+00:00,6
USDJPY,USD/JPY,pip_builder,BUY,2025-08-11 15:55:00+00:00,148.006,147.92700000000002,148.087,7.899999999997931,8.099999999998886,SL,-1.0,-7.899999999997931,bullish engulfing,5m,2025-08-11 16:16:00+00:00,6
EURUSD,EUR/USD,pip_builder,BUY,2025-08-13 19:00:00+00:00,1.1699000000000002,1.16942,1.17234,4.80000000000258,24.399999999997757,SL,-1.0,-4.80000000000258,bullish engulfing,15m,2025-08-14 06:44:00+00:00,6
EURUSD,EUR/USD,pip_builder,BUY,2025-08-18 02:50:00+00:00,1.17008,1.16959,1.17136555562137,4.900000000001015,12.855556213700048,SL,-1.0,-4.900000000001015,bullish engulfing,5m,2025-08-18 06:29:00+00:00,6
USDJPY,USD/JPY,pip_builder,SELL,2025-08-21 05:20:00+00:00,147.415,147.462,147.141,4.699999999999704,27.40000000000009,SL,-1.0,-4.699999999999704,bearish engulfing,5m,2025-08-21 05:41:00+00:00,6
USDJPY,USD/JPY,pip_builder,SELL,2025-08-25 20:05:00+00:00,147.798,147.85,147.66925839643227,5.19999999999925,12.874160356773245,TP,2.4758000686105968,12.874160356773245,bearish engulfing,5m,2025-08-25 21:08:00+00:00,6
GBPJPY,GBP/JPY,pip_builder,SELL,2025-08-26 17:45:00+00:00,198.54,198.60199999999998,198.41874198679196,6.19999999999834,12.125801320803475,SL,-1.0,-6.19999999999834,bearish engulfing,5m,2025-08-26 17:54:00+00:00,6
USDCAD,USD/CAD,pip_builder,BUY,2025-08-27 18:50:00+00:00,1.37954,1.37903,1.3811384918790817,5.1000000000001044,15.98491879081676,SL,-1.0,-5.1000000000001044,bullish engulfing,5m,2025-08-27 19:47:00+00:00,6
USDJPY,USD/JPY,pip_builder,BUY,2025-08-28 03:30:00+00:00,147.22899999999998,147.163,147.48885194084204,6.599999999997408,25.985194084205432,SL,-1.0,-6.599999999997408,bullish engulfing,5m,2025-08-28 03:36:00+00:00,6
NZDUSD,NZD/USD,pip_builder,SELL,2025-08-28 17:55:00+00:00,0.58882,0.58924,0.5877777410137928,4.1999999999997595,10.422589862072451,SL,-1.0,-4.1999999999997595,bearish engulfing,5m,2025-08-29 01:44:00+00:00,6
GBPJPY,GBP/JPY,pip_builder,SELL,2025-09-01 01:35:00+00:00,199.027,199.087,198.86316951875827,6.000000000000227,16.38304812417175,SL,-1.0,-6.000000000000227,bearish engulfing,5m,2025-09-01 01:48:00+00:00,6
EURJPY,EUR/JPY,pip_builder,BUY,2025-09-08 23:05:00+00:00,173.438,173.36200000000002,173.6009303574918,7.5999999999964984,16.293035749180262,SL,-1.0,-7.5999999999964984,bullish engulfing,5m,2025-09-08 23:17:00+00:00,6
EURUSD,EUR/USD,pip_builder,BUY,2025-09-18 05:20:00+00:00,1.1796300000000002,1.17891,1.18287,7.20000000000276,32.399999999999096,SL,-1.0,-7.20000000000276,bullish engulfing,5m,2025-09-18 05:48:00+00:00,6
NZDUSD,NZD/USD,pip_builder,BUY,2025-09-19 05:35:00+00:00,0.58712,0.58673,0.58913,3.9000000000000146,20.100000000000673,SL,-1.0,-3.9000000000000146,bullish engulfing,5m,2025-09-19 05:54:00+00:00,6
EURUSD,EUR/USD,pip_builder,SELL,2025-09-29 18:00:00+00:00,1.17214,1.17269,1.17075,5.5000000000005045,13.900000000000023,SL,-1.0,-5.5000000000005045,bearish engulfing,5m,2025-09-29 18:18:00+00:00,6
GBPJPY,GBP/JPY,pip_builder,SELL,2025-10-05 23:00:00+00:00,200.56,200.70999999999998,200.2571705030726,14.999999999997726,30.282949692741568,SL,-1.0,-14.999999999997726,bearish engulfing,5m,2025-10-05 23:25:00+00:00,6
GBPJPY,GBP/JPY,pip_builder,SELL,2025-10-06 00:50:00+00:00,201.193,201.32299999999998,200.25928689571026,12.999999999996703,93.37131042897511,SL,-1.0,-12.999999999996703,bearish engulfing,5m,2025-10-06 01:30:00+00:00,6
EURJPY,EUR/JPY,pip_builder,BUY,2025-10-09 18:00:00+00:00,176.918,176.822,177.16863947984476,9.600000000000364,25.06394798447502,SL,-1.0,-9.600000000000364,bullish engulfing,5m,2025-10-09 21:05:00+00:00,6
EURJPY,EUR/JPY,pip_builder,BUY,2025-10-10 03:30:00+00:00,176.866,176.78500000000003,177.154,8.099999999998886,28.79999999999825,SL,-1.0,-8.099999999998886,bullish engulfing,5m,2025-10-10 03:38:00+00:00,6
GBPUSD,GBP/USD,pip_builder,SELL,2025-10-14 02:25:00+00:00,1.33405,1.33457,1.33264,5.20000000000076,14.099999999999113,SL,-1.0,-5.20000000000076,bearish engulfing,5m,2025-10-14 02:55:00+00:00,6
GBPUSD,GBP/USD,pip_builder,SELL,2025-10-15 05:50:00+00:00,1.33555,1.3359500000000002,1.33425,4.00000000000178,13.000000000000789,SL,-1.0,-4.00000000000178,bearish engulfing,5m,2025-10-15 06:04:00+00:00,6
EURJPY,EUR/JPY,pip_builder,BUY,2025-10-16 04:15:00+00:00,175.987,175.90900000000002,176.156,7.799999999997453,16.900000000001114,TP,2.166666666667517,16.900000000001114,bullish engulfing,5m,2025-10-16 05:10:00+00:00,6
USDJPY,USD/JPY,pip_builder,SELL,2025-10-20 23:20:00+00:00,150.74,150.80599999999998,150.5704030965215,6.599999999997408,16.959690347852074,SL,-1.0,-6.599999999997408,bearish engulfing,5m,2025-10-20 23:34:00+00:00,6
EURJPY,EUR/JPY,pip_builder,SELL,2025-10-21 03:40:00+00:00,175.773,175.868,175.5430906962343,9.499999999999886,22.990930376570873,SL,-1.0,-9.499999999999886,double top (neckline break),5m,2025-10-21 04:31:00+00:00,6
GBPUSD,GBP/USD,pip_builder,SELL,2025-10-23 04:05:00+00:00,1.3331,1.33352,1.3310788220673477,4.20000000000087,20.211779326522183,SL,-1.0,-4.20000000000087,bearish engulfing,5m,2025-10-23 04:22:00+00:00,6
EURUSD,EUR/USD,pip_builder,SELL,2025-11-11 10:00:00+00:00,1.15639,1.1568500000000002,1.15538,4.60000000000127,10.099999999999554,SL,-1.0,-4.60000000000127,bearish engulfing,5m,2025-11-11 10:17:00+00:00,6
USDJPY,USD/JPY,pip_builder,BUY,2025-11-18 05:25:00+00:00,155.075,155.02900000000002,155.301,4.599999999996385,22.59999999999991,SL,-1.0,-4.599999999996385,bullish engulfing,5m,2025-11-18 05:36:00+00:00,6
USDJPY,USD/JPY,pip_builder,BUY,2025-11-21 05:25:00+00:00,157.24699999999999,157.179,157.72712688438614,6.799999999998363,48.012688438615214,SL,-1.0,-6.799999999998363,bullish engulfing,5m,2025-11-21 05:33:00+00:00,6
EURJPY,EUR/JPY,pip_builder,BUY,2025-11-27 04:25:00+00:00,181.045,181.001,181.23127258905868,4.399999999998272,18.62725890586887,SL,-1.0,-4.399999999998272,bullish engulfing,5m,2025-11-27 04:31:00+00:00,6
GBPJPY,GBP/JPY,pip_builder,BUY,2025-12-11 03:30:00+00:00,208.203,208.13400000000001,208.70880337554996,6.89999999999884,50.580337554995936,SL,-1.0,-6.89999999999884,bullish engulfing,5m,2025-12-11 03:37:00+00:00,6
GBPUSD,GBP/USD,pip_builder,BUY,2025-12-12 21:40:00+00:00,1.33673,1.33622,1.33852,5.1000000000001044,17.899999999999583,EXP,-0.49019607843152624,-2.500000000000835,bullish engulfing,5m,2025-12-12 21:59:00+00:00,6
USDJPY,USD/JPY,pip_builder,SELL,2025-12-16 16:15:00+00:00,154.826,154.91899999999998,154.682,9.299999999998931,14.400000000000546,TP,1.5483870967744302,14.400000000000546,bearish engulfing,5m,2025-12-16 17:26:00+00:00,6
USDJPY,USD/JPY,pip_builder,SELL,2025-12-17 00:25:00+00:00,154.81,154.88799999999998,154.682,7.799999999997453,12.800000000001432,TP,1.6410256410263604,12.800000000001432,bearish engulfing,5m,2025-12-17 00:43:00+00:00,6
USDCAD,USD/CAD,pip_builder,SELL,2025-12-19 09:55:00+00:00,1.37937,1.3798100000000002,1.378163485446618,4.40000000000218,12.065145533819432,SL,-1.0,-4.40000000000218,bearish engulfing,5m,2025-12-19 10:05:00+00:00,6
EURJPY,EUR/JPY,pip_builder,BUY,2025-12-23 01:35:00+00:00,184.222,184.15200000000002,184.70242168980252,6.999999999999318,48.042168980251176,SL,-1.0,-6.999999999999318,bullish engulfing,5m,2025-12-23 01:50:00+00:00,6
GBPUSD,GBP/USD,pip_builder,BUY,2025-12-24 18:30:00+00:00,1.34985,1.34941,1.35185,4.3999999999999595,20.000000000000018,SL,-1.0,-4.3999999999999595,bullish engulfing,5m,2025-12-24 22:50:00+00:00,6
USDJPY,USD/JPY,pip_builder,BUY,2025-12-30 05:55:00+00:00,156.054,156.013,156.248,4.099999999999682,19.39999999999884,SL,-1.0,-4.099999999999682,bullish engulfing,5m,2025-12-30 06:00:00+00:00,6
GBPJPY,GBP/JPY,pip_builder,BUY,2026-01-12 00:05:00+00:00,211.857,211.762,211.97937255861726,9.499999999999886,12.237255861725771,SL,-1.0,-9.499999999999886,bullish engulfing,5m,2026-01-12 00:26:00+00:00,6
EURJPY,EUR/JPY,pip_builder,SELL,2026-01-15 21:25:00+00:00,184.12,184.16299999999998,183.88851928002498,4.2999999999977945,23.148071997502484,SL,-1.0,-4.2999999999977945,bearish engulfing,5m,2026-01-15 21:33:00+00:00,6
GBPUSD,GBP/USD,pip_builder,SELL,2026-01-16 05:15:00+00:00,1.33864,1.33902,1.33704,3.8000000000004697,16.00000000000046,SL,-1.0,-3.8000000000004697,bearish engulfing,5m,2026-01-16 07:44:00+00:00,6
EURUSD,EUR/USD,pip_builder,SELL,2026-01-19 03:10:00+00:00,1.16166,1.1621000000000001,1.1605328435531674,4.40000000000218,11.27156446832478,SL,-1.0,-4.40000000000218,bearish engulfing,5m,2026-01-19 03:19:00+00:00,6
GBPUSD,GBP/USD,pip_builder,SELL,2026-01-20 00:30:00+00:00,1.34126,1.3417100000000002,1.33906,4.500000000002835,21.999999999999797,SL,-1.0,-4.500000000002835,bearish engulfing,5m,2026-01-20 00:55:00+00:00,6
GBPJPY,GBP/JPY,pip_builder,BUY,2026-01-20 16:45:00+00:00,212.69,212.604,212.99942311265812,8.599999999998431,30.94231126581235,SL,-1.0,-8.599999999998431,bullish engulfing,5m,2026-01-20 16:53:00+00:00,6
GBPJPY,GBP/JPY,pip_builder,BUY,2026-01-21 00:15:00+00:00,212.62900000000002,212.49900000000002,212.85,12.999999999999545,22.09999999999752,SL,-1.0,-12.999999999999545,bullish engulfing,5m,2026-01-21 00:50:00+00:00,6
USDJPY,USD/JPY,pip_builder,BUY,2026-01-23 14:05:00+00:00,158.304,158.23000000000002,158.44824797290354,7.399999999998386,14.424797290354263,SL,-1.0,-7.399999999998386,bullish engulfing,5m,2026-01-23 14:22:00+00:00,6
EURJPY,EUR/JPY,pip_builder,BUY,2026-01-28 13:30:00+00:00,182.683,182.58300000000003,183.43,9.99999999999659,74.70000000000141,TP,7.470000000002688,74.70000000000141,bullish engulfing,5m,2026-01-28 15:13:00+00:00,6
USDJPY,USD/JPY,pip_builder,SELL,2026-01-30 03:00:00+00:00,153.834,153.94099999999997,153.615,10.69999999999709,21.89999999999941,SL,-1.0,-10.69999999999709,bearish engulfing,5m,2026-01-30 03:39:00+00:00,6
USDCAD,USD/CAD,pip_builder,BUY,2026-02-03 16:45:00+00:00,1.3648500000000001,1.3640599999999998,1.36575,7.900000000002905,8.999999999999009,SL,-1.0,-7.900000000002905,bullish engulfing,5m,2026-02-03 17:16:00+00:00,6
NZDUSD,NZD/USD,pip_builder,BUY,2026-02-04 18:45:00+00:00,0.59943,0.59888,0.6006274094358864,5.5000000000005045,11.974094358864207,SL,-1.0,-5.5000000000005045,bullish engulfing,5m,2026-02-04 19:05:00+00:00,6
NZDUSD,NZD/USD,pip_builder,BUY,2026-02-05 04:45:00+00:00,0.59899,0.5984,0.6006517965693587,5.899999999999794,16.617965693587198,SL,-1.0,-5.899999999999794,bullish engulfing,5m,2026-02-05 05:04:00+00:00,6
EURJPY,EUR/JPY,pip_builder,BUY,2026-02-05 23:35:00+00:00,184.793,184.757,185.2289271390596,3.6000000000001364,43.59271390596007,SL,-1.0,-3.6000000000001364,bullish engulfing,5m,2026-02-05 23:40:00+00:00,6
EURJPY,EUR/JPY,pip_builder,BUY,2026-02-10 02:20:00+00:00,185.535,185.425,185.852,10.999999999998522,31.700000000000728,SL,-1.0,-10.999999999998522,bullish engulfing,5m,2026-02-10 02:30:00+00:00,6
EURUSD,EUR/USD,pip_builder,BUY,2026-02-10 17:30:00+00:00,1.1903000000000001,1.18973,1.1916190410336307,5.700000000001815,13.190410336305636,SL,-1.0,-5.700000000001815,bullish engulfing,5m,2026-02-10 17:40:00+00:00,6
USDJPY,USD/JPY,pip_builder,SELL,2026-02-12 12:30:00+00:00,153.396,153.498,152.8765166577505,10.200000000000387,51.94833422494867,SL,-1.0,-10.200000000000387,bearish engulfing,5m,2026-02-12 12:41:00+00:00,6
GBPUSD,GBP/USD,pip_builder,SELL,2026-02-13 18:20:00+00:00,1.36472,1.36525,1.36313,5.300000000001415,15.899999999999803,SL,-1.0,-5.300000000001415,bearish engulfing,5m,2026-02-13 18:28:00+00:00,6
GBPUSD,GBP/USD,pip_builder,SELL,2026-02-16 09:25:00+00:00,1.36564,1.3660700000000001,1.3635955917796492,4.300000000001525,20.444082203507907,TP,4.754437721744339,20.444082203507907,bearish engulfing,5m,2026-02-16 13:14:00+00:00,6
EURJPY,EUR/JPY,pip_builder,SELL,2026-02-18 02:45:00+00:00,181.887,181.97899999999998,181.696,9.199999999998454,19.10000000000025,SL,-1.0,-9.199999999998454,bearish engulfing,5m,2026-02-18 09:46:00+00:00,6
GBPUSD,GBP/USD,pip_builder,SELL,2026-02-20 10:00:00+00:00,1.34666,1.34739,1.3436658819290557,7.300000000001194,29.94118070944296,SL,-1.0,-7.300000000001194,bearish engulfing,5m,2026-02-20 10:36:00+00:00,6
GBPJPY,GBP/JPY,pip_builder,SELL,2026-02-24 06:10:00+00:00,209.289,209.34099999999998,208.963,5.19999999999925,32.59999999999934,SL,-1.0,-5.19999999999925,bearish engulfing,5m,2026-02-24 07:05:00+00:00,6
EURUSD,EUR/USD,pip_builder,SELL,2026-03-04 11:45:00+00:00,1.1636,1.1643000000000001,1.1587,7.0000000000014495,48.99999999999904,SL,-1.0,-7.0000000000014495,bearish engulfing,5m,2026-03-04 12:04:00+00:00,6
GBPUSD,GBP/USD,pip_builder,SELL,2026-03-11 16:20:00+00:00,1.34097,1.34138,1.3393755643813867,4.100000000000215,15.944356186132769,SL,-1.0,-4.100000000000215,bearish engulfing,5m,2026-03-11 16:27:00+00:00,6
GBPJPY,GBP/JPY,pip_builder,BUY,2026-03-18 19:50:00+00:00,211.93,211.88400000000001,212.0895291297013,4.599999999999227,15.952912970129773,SL,-1.0,-4.599999999999227,bullish engulfing,5m,2026-03-18 19:59:00+00:00,6
NZDUSD,NZD/USD,pip_builder,SELL,2026-03-31 18:50:00+00:00,0.57382,0.57416,0.5723,3.4000000000000696,15.199999999999658,SL,-1.0,-3.4000000000000696,bearish engulfing,5m,2026-03-31 19:30:00+00:00,6
NZDUSD,NZD/USD,pip_builder,SELL,2026-03-31 22:35:00+00:00,0.57453,0.57489,0.5723,3.6000000000002697,22.299999999999542,SL,-1.0,-3.6000000000002697,bearish engulfing,5m,2026-03-31 23:16:00+00:00,6
NZDUSD,NZD/USD,pip_builder,SELL,2026-04-01 17:10:00+00:00,0.57715,0.5777,0.5752241016322774,5.499999999999394,19.258983677226116,TP,3.5016333958596793,19.258983677226116,bearish engulfing,5m,2026-04-01 18:16:00+00:00,6
EURJPY,EUR/JPY,pip_builder,BUY,2026-04-01 23:20:00+00:00,183.847,183.764,184.021,8.29999999999984,17.399999999997817,TP,2.096385542168452,17.399999999997817,bullish engulfing,5m,2026-04-02 00:10:00+00:00,6
GBPUSD,GBP/USD,pip_builder,BUY,2026-04-02 04:05:00+00:00,1.32354,1.3229099999999998,1.325033171703806,6.300000000001305,14.931717038060288,SL,-1.0,-6.300000000001305,bullish engulfing,5m,2026-04-02 05:14:00+00:00,6
EURJPY,EUR/JPY,pip_builder,BUY,2026-04-02 10:30:00+00:00,183.861,183.78400000000002,184.099,7.699999999996976,23.799999999999955,SL,-1.0,-7.699999999996976,bullish engulfing,5m,2026-04-02 10:37:00+00:00,6
EURJPY,EUR/JPY,pip_builder,BUY,2026-04-05 22:35:00+00:00,183.894,183.83300000000003,184.099,6.099999999997863,20.49999999999841,SL,-1.0,-6.099999999997863,bullish engulfing,5m,2026-04-05 22:47:00+00:00,6
GBPUSD,GBP/USD,pip_builder,SELL,2026-04-06 08:45:00+00:00,1.32516,1.3259,1.32321,7.4000000000018495,19.499999999998963,SL,-1.0,-7.4000000000018495,bearish engulfing,5m,2026-04-06 13:54:00+00:00,6
USDJPY,USD/JPY,pip_builder,BUY,2026-04-07 23:55:00+00:00,158.727,158.685,158.943,4.200000000000159,21.60000000000082,SL,-1.0,-4.200000000000159,bullish engulfing,5m,2026-04-08 00:00:00+00:00,6
USDJPY,USD/JPY,pip_builder,BUY,2026-04-08 03:20:00+00:00,158.435,158.335,158.751,9.999999999999432,31.60000000000025,SL,-1.0,-9.999999999999432,bullish engulfing,5m,2026-04-08 05:08:00+00:00,6
GBPUSD,GBP/USD,pip_builder,BUY,2026-04-12 22:50:00+00:00,1.3392,1.3385099999999999,1.34062,6.900000000000794,14.199999999999768,SL,-1.0,-6.900000000000794,bullish engulfing,5m,2026-04-12 23:17:00+00:00,6
GBPJPY,GBP/JPY,pip_builder,BUY,2026-04-22 01:40:00+00:00,215.161,215.097,215.35948407109365,6.399999999999295,19.84840710936453,SL,-1.0,-6.399999999999295,bullish engulfing,5m,2026-04-22 06:59:00+00:00,6
USDJPY,USD/JPY,pip_builder,SELL,2026-05-21 03:20:00+00:00,158.937,158.98899999999998,158.817,5.1999999999964075,12.000000000000455,SL,-1.0,-5.1999999999964075,bearish engulfing,5m,2026-05-21 03:52:00+00:00,6
NZDUSD,NZD/USD,pip_builder,SELL,2026-05-28 15:20:00+00:00,0.5927,0.59316,0.5912734558181387,4.6000000000001595,14.265441818612778,SL,-1.0,-4.6000000000001595,bearish engulfing,5m,2026-05-28 15:36:00+00:00,6
USDCAD,USD/CAD,pip_builder,BUY,2026-05-28 19:45:00+00:00,1.37772,1.37719,1.3793185653085123,5.300000000001415,15.98565308512212,SL,-1.0,-5.300000000001415,bullish engulfing,5m,2026-05-28 21:04:00+00:00,6
GBPJPY,GBP/JPY,pip_builder,BUY,2026-06-01 16:00:00+00:00,214.719,214.638,214.875,8.099999999998886,15.600000000000591,SL,-1.0,-8.099999999998886,bullish engulfing,5m,2026-06-01 16:18:00+00:00,6
EURJPY,EUR/JPY,pip_builder,BUY,2026-06-03 05:40:00+00:00,185.866,185.817,185.96320546489312,4.900000000000659,9.720546489310777,SL,-1.0,-4.900000000000659,bullish engulfing,5m,2026-06-03 05:58:00+00:00,6
GBPJPY,GBP/JPY,pip_builder,BUY,2026-06-05 20:00:00+00:00,213.663,213.54100000000003,214.1054554607233,12.199999999998568,44.24554607232949,EXP,1.4508196721312563,17.69999999999925,bullish engulfing,15m,2026-06-05 20:59:00+00:00,6
USDCAD,USD/CAD,pip_builder,BUY,2026-06-08 12:00:00+00:00,1.39365,1.3933099999999998,1.3952,3.40000000000229,15.499999999999403,SL,-1.0,-3.40000000000229,bullish engulfing,5m,2026-06-08 12:10:00+00:00,6
GBPUSD,GBP/USD,pip_builder,BUY,2026-06-10 19:35:00+00:00,1.33773,1.337,1.3404795853791431,7.300000000001194,27.49585379143049,SL,-1.0,-7.300000000001194,bullish engulfing,5m,2026-06-10 20:05:00+00:00,6
GBPUSD,GBP/USD,pip_builder,SELL,2026-06-25 02:45:00+00:00,1.31755,1.3181200000000002,1.31627,5.700000000001815,12.799999999999478,SL,-1.0,-5.700000000001815,bearish engulfing,5m,2026-06-25 03:04:00+00:00,6
GBPJPY,GBP/JPY,pip_builder,SELL,2026-06-25 08:50:00+00:00,213.433,213.516,213.27595560502394,8.29999999999984,15.704439497605449,SL,-1.0,-8.29999999999984,bearish engulfing,5m,2026-06-25 09:28:00+00:00,6
USDCAD,USD/CAD,pip_builder,BUY,2026-07-01 01:55:00+00:00,1.42202,1.42152,1.423763455671696,5.00000000000167,17.434556716959815,SL,-1.0,-5.00000000000167,bullish engulfing,5m,2026-07-01 02:44:00+00:00,6
USDJPY,USD/JPY,pip_builder,BUY,2026-07-10 04:45:00+00:00,161.688,161.603,162.02,8.499999999997954,33.200000000002206,SL,-1.0,-8.499999999997954,bullish engulfing,5m,2026-07-10 05:02:00+00:00,6
USDCAD,USD/CAD,pip_builder,SELL,2026-07-13 17:20:00+00:00,1.4149,1.41538,1.41355,4.8000000000003595,13.499999999999623,SL,-1.0,-4.8000000000003595,bearish engulfing,5m,2026-07-13 19:07:00+00:00,6
GBPJPY,GBP/JPY,pip_builder,BUY,2026-07-16 08:45:00+00:00,219.26600000000002,219.18,219.604,8.600000000001273,33.799999999999386,SL,-1.0,-8.600000000001273,bullish engulfing,5m,2026-07-16 09:09:00+00:00,6
USDCAD,USD/CAD,pip_builder,SELL,2026-07-20 08:55:00+00:00,1.4022,1.4026200000000002,1.40099,4.20000000000309,12.099999999999334,SL,-1.0,-4.20000000000309,bearish engulfing,5m,2026-07-20 09:09:00+00:00,6
GBPUSD,GBP/USD,pip_builder,BUY,2026-08-10 23:50:00+00:00,1.3509,1.3504699999999998,1.352256810355362,4.300000000001525,13.568103553620592,SL,-1.0,-4.300000000001525,bullish engulfing,5m,2026-08-11 02:52:00+00:00,6
EURJPY,EUR/JPY,pip_builder,BUY,2026-08-12 16:25:00+00:00,183.747,183.68200000000002,183.8392262592873,6.499999999999773,9.22262592872869,SL,-1.0,-6.499999999999773,bullish engulfing,5m,2026-08-12 21:04:00+00:00,6
GBPUSD,GBP/USD,pip_builder,BUY,2026-08-13 02:45:00+00:00,1.34894,1.3484999999999998,1.3500084665502088,4.40000000000218,10.684665502087576,SL,-1.0,-4.40000000000218,bullish engulfing,5m,2026-08-13 06:29:00+00:00,6
USDCAD,USD/CAD,pip_builder,SELL,2026-08-18 17:45:00+00:00,1.39022,1.39053,1.3879303872804873,3.1000000000003247,22.89612719512668,SL,-1.0,-3.1000000000003247,bearish engulfing,5m,2026-08-18 18:00:00+00:00,6
USDCAD,USD/CAD,pip_builder,SELL,2026-08-24 09:45:00+00:00,1.38344,1.38399,1.381554785639103,5.5000000000005045,18.852143608969474,SL,-1.0,-5.5000000000005045,bearish engulfing,5m,2026-08-24 10:45:00+00:00,6
EURJPY,EUR/JPY,pip_builder,SELL,2026-09-17 17:25:00+00:00,179.07,179.16,178.8926684471277,9.000000000000341,17.733155287228897,TP,1.9703505874698028,17.733155287228897,bearish engulfing,5m,2026-09-17 21:08:00+00:00,6
EURJPY,EUR/JPY,pip_builder,SELL,2026-09-18 01:55:00+00:00,179.397,179.469,179.17603251492855,7.200000000000273,22.09674850714407,SL,-1.0,-7.200000000000273,bearish engulfing,5m,2026-09-18 02:10:00+00:00,6
EURUSD,EUR/USD,pip_builder,SELL,2026-09-28 01:35:00+00:00,1.13854,1.13887,1.1370876008152362,3.2999999999994145,14.523991847639195,SL,-1.0,-3.2999999999994145,bearish engulfing,5m,2026-09-28 01:55:00+00:00,6
