pair,symbol,setup,side,time,entry,sl,tp,risk_pips,reward_pips,status,r,pips,tp_hit,pattern,tf,exit_time,score
EURUSD,EUR/USD,pip_builder,SELL,2026-07-02 00:30:00+00:00,1.1375,1.13966,1.13318,21.599999999999397,43.199999999998795,SL,-1.0,-21.599999999999397,0,bearish engulfing,5m,2026-07-02 06:49:00+00:00,6
EURJPY,EUR/JPY,pip_builder,SELL,2026-07-02 18:55:00+00:00,184.125,184.327,183.721,20.199999999999818,40.399999999999636,TP,0.09900990099010365,2.0000000000000755,1,bearish engulfing,5m,2026-07-02 21:11:00+00:00,6
USDJPY,USD/JPY,pip_builder,BUY,2026-07-07 00:30:00+00:00,162.159,161.96900000000002,162.50899999999996,18.99999999999693,34.99999999999659,SL,-1.0,-18.99999999999693,0,double bottom (neckline break),15m,2026-07-07 01:30:00+00:00,6
NZDUSD,NZD/USD,pip_builder,SELL,2026-07-07 15:00:00+00:00,0.56883,0.5709,0.5646899999999999,20.700000000000163,41.400000000000325,TP,0.09661835748792919,2.00000000000015,1,bearish engulfing,5m,2026-07-08 01:03:00+00:00,6
NZDUSD,NZD/USD,pip_builder,SELL,2026-07-07 17:15:00+00:00,0.56868,0.57062,0.5647999999999999,19.400000000000528,38.800000000001056,TP,0.10309278350515955,2.0000000000001497,1,bearish engulfing,5m,2026-07-08 00:52:00+00:00,6
EURJPY,EUR/JPY,pip_builder,BUY,2026-07-08 00:10:00+00:00,185.176,184.95100000000002,185.57199999999992,22.49999999999659,39.599999999992974,TP,0.06222222222223401,1.400000000000053,1,bullish engulfing,5m,2026-07-08 00:51:00+00:00,6
NZDUSD,NZD/USD,pip_builder,SELL,2026-07-08 01:20:00+00:00,0.56856,0.57052,0.5646399999999998,19.600000000000726,39.20000000000145,SL,-1.0,-19.600000000000726,0,bearish engulfing,5m,2026-07-08 02:03:00+00:00,6
NZDUSD,NZD/USD,pip_builder,SELL,2026-07-08 04:00:00+00:00,0.57016,0.57238,0.56572,22.199999999999996,44.39999999999999,TP,0.09009009009009684,2.0000000000001497,1,bearish engulfing,15m,2026-07-08 08:19:00+00:00,6
EURJPY,EUR/JPY,pip_builder,BUY,2026-07-09 00:45:00+00:00,185.623,185.42100000000002,185.97299999999993,20.199999999996976,34.99999999999375,TP,0.0693069306930823,1.400000000000053,1,bullish engulfing,15m,2026-07-09 01:31:00+00:00,6
EURJPY,EUR/JPY,pip_builder,BUY,2026-07-10 01:25:00+00:00,185.266,185.00500000000002,185.73399999999992,26.099999999996726,46.79999999999325,SL,-1.0,-26.099999999996726,0,bullish engulfing,5m,2026-07-10 02:07:00+00:00,6
USDCAD,USD/CAD,pip_builder,SELL,2026-07-10 05:00:00+00:00,1.41541,1.41752,1.4111900000000004,21.099999999998342,42.199999999996685,TP,0.0947867298578169,1.9999999999997793,1,bearish engulfing,5m,2026-07-10 12:25:00+00:00,6
USDCAD,USD/CAD,pip_builder,SELL,2026-07-12 22:50:00+00:00,1.41692,1.41886,1.4130399999999999,19.400000000000528,38.800000000001056,TP,0.10309278350514048,1.9999999999997797,1,bearish engulfing,5m,2026-07-13 03:00:00+00:00,6
USDCAD,USD/CAD,pip_builder,SELL,2026-07-15 12:25:00+00:00,1.40677,1.40894,1.40243,21.700000000000053,43.400000000000105,TP,0.09216589861750114,1.9999999999997797,1,bearish engulfing,5m,2026-07-15 13:53:00+00:00,6
GBPJPY,GBP/JPY,pip_builder,BUY,2026-07-16 08:45:00+00:00,219.26600000000002,219.067,219.58900000000003,19.900000000001228,32.30000000000075,SL,-1.0,-19.900000000001228,0,bullish engulfing,5m,2026-07-16 09:29:00+00:00,6
GBPUSD,GBP/USD,pip_builder,BUY,2026-07-16 13:30:00+00:00,1.35088,1.34884,1.3546600000000002,20.400000000000418,37.80000000000116,TP,0.08169934640521809,1.666666666666483,1,double bottom (neckline break),5m,2026-07-16 13:48:00+00:00,6
GBPJPY,GBP/JPY,pip_builder,BUY,2026-07-17 08:25:00+00:00,218.452,218.24300000000002,218.79499999999993,20.899999999997476,34.29999999999325,SL,-1.0,-20.899999999997476,0,bullish engulfing,5m,2026-07-17 09:03:00+00:00,6
GBPUSD,GBP/USD,pip_builder,BUY,2026-07-17 09:30:00+00:00,1.34417,1.34236,1.3474900000000003,18.100000000000893,33.20000000000211,TP,0.09208103130753595,1.6666666666664827,1,bullish engulfing,5m,2026-07-17 16:01:00+00:00,6
USDCAD,USD/CAD,pip_builder,SELL,2026-07-19 22:45:00+00:00,1.40189,1.4038,1.3980700000000004,19.099999999998563,38.199999999997125,TP,0.1047120418848131,1.9999999999997797,1,bearish engulfing,15m,2026-07-20 08:18:00+00:00,6
USDCAD,USD/CAD,pip_builder,SELL,2026-07-20 00:05:00+00:00,1.40161,1.40373,1.3973700000000002,21.199999999998997,42.399999999997995,TP,0.0943396226415035,1.9999999999997797,1,double top (neckline break),5m,2026-07-20 07:59:00+00:00,6
USDJPY,USD/JPY,pip_builder,BUY,2026-07-20 05:30:00+00:00,162.357,162.15800000000002,162.725,19.899999999998386,36.7999999999995,TP,0.08375209380237089,1.6666666666670455,1,double bottom (neckline break),5m,2026-07-20 07:33:00+00:00,6
USDCAD,USD/CAD,pip_builder,SELL,2026-07-21 00:45:00+00:00,1.40726,1.40939,1.403,21.299999999999653,42.599999999999305,TP,0.09389671361501467,1.9999999999997797,1,bearish engulfing,5m,2026-07-21 12:08:00+00:00,6
NZDUSD,NZD/USD,pip_builder,BUY,2026-07-21 08:15:00+00:00,0.5863,0.58406,0.59036,22.400000000000198,40.599999999999525,SL,-1.0,-22.400000000000198,0,double bottom (neckline break),5m,2026-07-21 12:27:00+00:00,6
NZDUSD,NZD/USD,pip_builder,BUY,2026-07-21 14:05:00+00:00,0.58314,0.58094,0.5871199999999999,21.999999999999797,39.799999999998725,SL,-1.0,-21.999999999999797,0,bullish engulfing,5m,2026-07-22 21:04:00+00:00,6
NZDUSD,NZD/USD,pip_builder,BUY,2026-07-22 00:50:00+00:00,0.58282,0.58077,0.5864999999999999,20.49999999999996,36.79999999999905,TP,0.0747967479674824,1.533333333333386,1,bullish engulfing,5m,2026-07-22 01:16:00+00:00,6
NZDUSD,NZD/USD,pip_builder,BUY,2026-07-22 03:20:00+00:00,0.58297,0.58075,0.5869899999999999,22.199999999999996,40.19999999999912,SL,-1.0,-22.199999999999996,0,bullish engulfing,5m,2026-07-22 21:04:00+00:00,6
NZDUSD,NZD/USD,pip_builder,BUY,2026-07-23 00:05:00+00:00,0.58145,0.57944,0.5850500000000001,20.100000000000673,36.000000000000476,TP,0.07628524046434502,1.533333333333386,1,double bottom (neckline break),5m,2026-07-23 03:04:00+00:00,6
NZDUSD,NZD/USD,pip_builder,BUY,2026-07-23 09:05:00+00:00,0.5799300000000001,0.57794,0.5834900000000001,19.90000000000047,35.60000000000007,SL,-1.0,-19.90000000000047,0,bullish engulfing,5m,2026-07-23 12:24:00+00:00,6
GBPJPY,GBP/JPY,pip_builder,BUY,2026-07-24 00:30:00+00:00,218.21,218.00300000000001,218.54899999999998,20.699999999999363,33.89999999999702,TP,0.05636070853461782,1.1666666666665528,1,double bottom (neckline break),5m,2026-07-24 01:34:00+00:00,6
USDCAD,USD/CAD,pip_builder,SELL,2026-07-24 02:15:00+00:00,1.40737,1.4093,1.40351,19.299999999999873,38.599999999999746,TP,0.10362694300517061,1.9999999999997797,1,bearish engulfing,5m,2026-07-24 07:37:00+00:00,6
GBPJPY,GBP/JPY,pip_builder,BUY,2026-07-26 23:45:00+00:00,218.48600000000002,218.25300000000001,218.877,23.30000000000041,39.09999999999911,SL,-1.0,-23.30000000000041,0,double bottom (neckline break),5m,2026-07-27 07:01:00+00:00,6
GBPJPY,GBP/JPY,pip_builder,BUY,2026-07-27 00:25:00+00:00,218.518,218.28900000000002,218.90099999999995,22.8999999999985,38.29999999999529,SL,-1.0,-22.8999999999985,0,double bottom (neckline break),5m,2026-07-27 06:55:00+00:00,6
EURJPY,EUR/JPY,pip_builder,BUY,2026-07-28 01:10:00+00:00,186.29,186.09300000000002,186.62999999999994,19.69999999999743,33.99999999999466,SL,-1.0,-19.69999999999743,0,double bottom (neckline break),5m,2026-07-28 05:08:00+00:00,6
USDCAD,USD/CAD,pip_builder,SELL,2026-08-07 06:15:00+00:00,1.40255,1.40462,1.39841,20.700000000000163,41.400000000000325,TP,1.0966183574879111,22.699999999999935,3,bearish engulfing,5m,2026-08-07 12:30:00+00:00,6
GBPUSD,GBP/USD,pip_builder,BUY,2026-08-10 23:40:00+00:00,1.35079,1.34877,1.3545299999999998,20.199999999999108,37.39999999999854,TP,0.08250825082507707,1.666666666666483,1,bullish engulfing,5m,2026-08-11 01:01:00+00:00,6
GBPUSD,GBP/USD,pip_builder,BUY,2026-08-11 00:00:00+00:00,1.35126,1.34905,1.3553799999999996,22.099999999998232,41.19999999999679,TP,0.07541478129713196,1.6666666666664827,1,bullish engulfing,5m,2026-08-12 09:51:00+00:00,6
NZDUSD,NZD/USD,pip_builder,SELL,2026-08-11 09:10:00+00:00,0.58699,0.58904,0.58289,20.49999999999996,40.99999999999992,TP,0.09756097560976358,2.0000000000001497,1,bearish engulfing,5m,2026-08-12 09:23:00+00:00,6
EURJPY,EUR/JPY,pip_builder,BUY,2026-08-11 11:25:00+00:00,183.698,183.44,184.16000000000003,25.800000000000978,46.20000000000175,TP,0.05426356589147287,1.400000000000053,1,bullish engulfing,5m,2026-08-11 12:10:00+00:00,6
EURJPY,EUR/JPY,pip_builder,BUY,2026-08-12 05:00:00+00:00,183.902,183.69500000000002,184.26199999999992,20.69999999999652,35.99999999999284,SL,-1.0,-20.69999999999652,0,bullish engulfing,5m,2026-08-12 09:23:00+00:00,6
USDCAD,USD/CAD,pip_builder,SELL,2026-08-12 11:40:00+00:00,1.39322,1.39511,1.3894399999999996,18.900000000001693,37.800000000003386,TP,0.439153439153418,8.300000000000344,2,double top (neckline break),5m,2026-08-12 16:18:00+00:00,6
GBPUSD,GBP/USD,pip_builder,BUY,2026-08-13 00:35:00+00:00,1.34992,1.34798,1.3535000000000001,19.400000000000528,35.80000000000138,SL,-1.0,-19.400000000000528,0,bullish engulfing,5m,2026-08-13 06:30:00+00:00,6
EURJPY,EUR/JPY,pip_builder,BUY,2026-08-14 00:05:00+00:00,183.98,183.74300000000002,184.39999999999992,23.699999999996635,41.999999999993065,SL,-1.0,-23.699999999996635,0,bullish engulfing,5m,2026-08-14 05:40:00+00:00,6
NZDUSD,NZD/USD,pip_builder,SELL,2026-08-14 02:50:00+00:00,0.58607,0.58806,0.5820899999999999,19.90000000000047,39.80000000000094,SL,-1.0,-19.90000000000047,0,bearish engulfing,5m,2026-08-14 09:25:00+00:00,6
EURUSD,EUR/USD,pip_builder,BUY,2026-08-18 06:45:00+00:00,1.1570900000000002,1.15507,1.1608900000000002,20.200000000001328,38.000000000000256,TP,0.08580858085805605,1.7333333333328462,1,bullish engulfing,5m,2026-08-18 08:03:00+00:00,6
EURJPY,EUR/JPY,pip_builder,BUY,2026-08-19 01:25:00+00:00,184.618,184.399,185.00199999999998,21.89999999999941,38.39999999999861,TP,0.06392694063927355,1.400000000000053,1,bullish engulfing,5m,2026-08-19 04:10:00+00:00,6
GBPUSD,GBP/USD,pip_builder,BUY,2026-08-20 22:15:00+00:00,1.36333,1.36135,1.3669899999999997,19.799999999998708,36.59999999999774,TP,1.0,19.799999999998708,3,double bottom (neckline break),15m,2026-08-21 09:06:00+00:00,6
USDCAD,USD/CAD,pip_builder,SELL,2026-08-24 00:00:00+00:00,1.37895,1.38122,1.37441,22.699999999999942,45.399999999999885,SL,-1.0,-22.699999999999942,0,bearish engulfing,15m,2026-08-24 06:11:00+00:00,6
USDJPY,USD/JPY,pip_builder,BUY,2026-08-24 21:15:00+00:00,159.06199999999998,158.871,159.41399999999996,19.099999999997408,35.199999999997544,TP,0.08726003490404563,1.6666666666670455,1,bullish engulfing,5m,2026-08-24 21:57:00+00:00,6
USDJPY,USD/JPY,pip_builder,BUY,2026-08-25 04:55:00+00:00,159.31,159.072,159.75600000000003,23.799999999999955,44.60000000000264,TP,0.07002801120449784,1.666666666667045,1,bullish engulfing,5m,2026-08-25 06:32:00+00:00,6
USDJPY,USD/JPY,pip_builder,BUY,2026-08-26 01:00:00+00:00,159.16199999999998,158.96300000000002,159.52999999999992,19.899999999995543,36.799999999993815,SL,-1.0,-19.899999999995543,0,bullish engulfing,5m,2026-08-26 02:03:00+00:00,6
GBPUSD,GBP/USD,pip_builder,BUY,2026-08-26 09:45:00+00:00,1.36281,1.36069,1.3667500000000004,21.200000000001218,39.40000000000276,TP,0.07861635220124469,1.666666666666483,1,bullish engulfing,15m,2026-08-26 12:28:00+00:00,6
USDJPY,USD/JPY,pip_builder,BUY,2026-08-28 02:05:00+00:00,159.456,159.246,159.84599999999998,20.999999999997954,38.999999999998636,TP,0.07936507936510515,1.6666666666670455,1,bullish engulfing,5m,2026-08-28 06:36:00+00:00,6
NZDUSD,NZD/USD,pip_builder,BUY,2026-08-28 03:00:00+00:00,0.59665,0.59436,0.60081,22.90000000000014,41.59999999999941,SL,-1.0,-22.90000000000014,0,bullish engulfing,15m,2026-08-28 11:49:00+00:00,6
NZDUSD,NZD/USD,pip_builder,BUY,2026-08-28 07:00:00+00:00,0.5961500000000001,0.59407,0.5998900000000001,20.800000000000818,37.400000000000766,SL,-1.0,-20.800000000000818,0,bullish engulfing,15m,2026-08-28 14:02:00+00:00,6
GBPJPY,GBP/JPY,pip_builder,BUY,2026-08-30 21:35:00+00:00,216.565,216.372,216.87599999999995,19.299999999998363,31.09999999999502,TP,0.06044905008635502,1.1666666666665528,1,bullish engulfing,5m,2026-08-30 21:46:00+00:00,6
GBPJPY,GBP/JPY,pip_builder,BUY,2026-08-31 00:45:00+00:00,216.743,216.53300000000002,217.08799999999994,20.999999999997954,34.4999999999942,SL,-1.0,-20.999999999997954,0,bullish engulfing,15m,2026-08-31 01:11:00+00:00,6
USDCAD,USD/CAD,pip_builder,SELL,2026-08-31 01:55:00+00:00,1.3891,1.39097,1.38536,18.700000000000383,37.400000000000766,TP,1.10695187165774,20.700000000000163,3,bearish engulfing,5m,2026-08-31 20:39:00+00:00,6
USDJPY,USD/JPY,pip_builder,BUY,2026-09-01 07:25:00+00:00,159.994,159.78300000000002,160.386,21.09999999999843,39.19999999999959,TP,0.07898894154820708,1.6666666666670455,1,double bottom (neckline break),5m,2026-09-01 10:22:00+00:00,6
USDJPY,USD/JPY,pip_builder,BUY,2026-09-02 01:00:00+00:00,160.32,160.091,160.748,22.8999999999985,42.79999999999973,TP,0.07278020378459191,1.6666666666670455,1,bullish engulfing,15m,2026-09-02 02:28:00+00:00,6
GBPJPY,GBP/JPY,pip_builder,BUY,2026-09-04 13:35:00+00:00,210.47,210.156,211.02299999999997,31.399999999999295,55.299999999996885,TP,0.03715498938428596,1.1666666666665528,1,bullish engulfing,5m,2026-09-04 13:48:00+00:00,6
NZDUSD,NZD/USD,pip_builder,SELL,2026-09-08 16:00:00+00:00,0.58532,0.58732,0.58132,20.000000000000018,40.000000000000036,TP,0.10000000000000739,2.000000000000149,1,bearish engulfing,5m,2026-09-08 21:07:00+00:00,6
NZDUSD,NZD/USD,pip_builder,SELL,2026-09-09 00:10:00+00:00,0.5859,0.5878,0.5821,19.000000000000128,38.000000000000256,TP,1.1052631578947438,21.000000000000274,3,bearish engulfing,5m,2026-09-10 12:18:00+00:00,6
NZDUSD,NZD/USD,pip_builder,SELL,2026-09-09 03:20:00+00:00,0.58556,0.5875900000000001,0.5814999999999998,20.30000000000087,40.60000000000174,TP,0.4318555008210212,8.766666666667108,2,double top (neckline break),5m,2026-09-09 12:10:00+00:00,6
NZDUSD,NZD/USD,pip_builder,SELL,2026-09-10 06:45:00+00:00,0.58549,0.58732,0.58183,18.299999999999983,36.599999999999966,TP,1.109289617486347,20.30000000000013,3,bearish engulfing,5m,2026-09-10 12:26:00+00:00,6
EURUSD,EUR/USD,pip_builder,SELL,2026-09-11 04:35:00+00:00,1.1606,1.16262,1.1565600000000003,20.199999999999108,40.399999999998215,TP,0.4323432343234258,8.733333333332816,2,bearish engulfing,5m,2026-09-11 13:02:00+00:00,6
NZDUSD,NZD/USD,pip_builder,SELL,2026-09-11 06:35:00+00:00,0.58295,0.58483,0.57919,18.799999999999926,37.59999999999985,TP,0.43971631205674594,8.266666666666792,2,double top (neckline break),5m,2026-09-11 13:00:00+00:00,6
NZDUSD,NZD/USD,pip_builder,SELL,2026-09-11 09:00:00+00:00,0.58233,0.58429,0.5784100000000001,19.599999999999618,39.199999999999235,TP,0.43537414965987353,8.533333333333355,2,double top (neckline break),5m,2026-09-11 12:46:00+00:00,6
USDJPY,USD/JPY,pip_builder,SELL,2026-09-13 22:45:00+00:00,153.617,153.884,153.083,26.69999999999959,53.39999999999918,TP,0.07490636704120249,2.0000000000000755,1,bearish engulfing,5m,2026-09-14 00:24:00+00:00,6
USDJPY,USD/JPY,pip_builder,SELL,2026-09-14 01:25:00+00:00,153.691,153.941,153.191,25.0,50.0,SL,-1.0,-25.0,0,bearish engulfing,5m,2026-09-14 02:34:00+00:00,6
GBPJPY,GBP/JPY,pip_builder,SELL,2026-09-15 01:45:00+00:00,208.696,208.884,208.32000000000002,18.799999999998818,37.599999999997635,TP,0.10638297872341497,2.0000000000000755,1,bearish engulfing,5m,2026-09-15 05:16:00+00:00,6
NZDUSD,NZD/USD,pip_builder,SELL,2026-09-16 02:45:00+00:00,0.57454,0.57655,0.5705200000000001,20.09999999999956,40.19999999999912,TP,0.09950248756219866,2.0000000000001497,1,bearish engulfing,5m,2026-09-16 04:22:00+00:00,6
NZDUSD,NZD/USD,pip_builder,SELL,2026-09-16 05:40:00+00:00,0.57495,0.57685,0.5711499999999999,19.000000000000128,38.000000000000256,TP,1.1052631578947438,21.000000000000274,3,bearish engulfing,5m,2026-09-16 19:11:00+00:00,6
NZDUSD,NZD/USD,pip_builder,SELL,2026-09-17 12:45:00+00:00,0.57402,0.57604,0.5699799999999999,20.200000000000216,40.40000000000043,TP,0.4323432343234387,8.733333333333556,2,bearish engulfing,15m,2026-09-18 04:05:00+00:00,6
NZDUSD,NZD/USD,pip_builder,SELL,2026-09-21 05:30:00+00:00,0.57197,0.57402,0.56787,20.49999999999996,40.99999999999992,TP,0.4308943089430969,8.833333333333469,2,double top (neckline break),15m,2026-09-22 02:46:00+00:00,6
NZDUSD,NZD/USD,pip_builder,SELL,2026-09-21 08:55:00+00:00,0.57273,0.57482,0.5685499999999999,20.90000000000036,41.80000000000072,TP,0.09569377990431173,2.00000000000015,1,bearish engulfing,5m,2026-09-21 14:41:00+00:00,6
NZDUSD,NZD/USD,pip_builder,SELL,2026-09-22 13:20:00+00:00,0.57262,0.57462,0.56862,20.000000000000018,40.000000000000036,TP,0.10000000000000739,2.000000000000149,1,bearish engulfing,5m,2026-09-22 18:14:00+00:00,6
NZDUSD,NZD/USD,pip_builder,SELL,2026-09-22 18:35:00+00:00,0.57226,0.57428,0.56822,20.200000000000216,40.40000000000043,TP,0.09900990099010534,2.000000000000149,1,bearish engulfing,5m,2026-09-22 21:05:00+00:00,6
GBPUSD,GBP/USD,pip_builder,SELL,2026-09-24 15:05:00+00:00,1.32138,1.32342,1.3173,20.400000000000418,40.800000000000836,SL,-1.0,-20.400000000000418,0,bearish engulfing,5m,2026-09-24 16:16:00+00:00,6
EURUSD,EUR/USD,pip_builder,SELL,2026-09-28 01:35:00+00:00,1.13854,1.14055,1.1345200000000004,20.099999999998452,40.199999999996905,TP,0.09950248756218574,1.9999999999997793,1,bearish engulfing,5m,2026-09-28 07:49:00+00:00,6
NZDUSD,NZD/USD,pip_builder,SELL,2026-09-28 02:30:00+00:00,0.56655,0.56853,0.56259,19.799999999999816,39.59999999999963,TP,0.1010101010101095,2.0000000000001497,1,bearish engulfing,5m,2026-09-28 11:57:00+00:00,6
NZDUSD,NZD/USD,pip_builder,SELL,2026-09-28 04:30:00+00:00,0.56716,0.56921,0.56306,20.49999999999996,40.99999999999992,TP,0.09756097560976358,2.0000000000001497,1,bearish engulfing,5m,2026-09-28 12:07:00+00:00,6
NZDUSD,NZD/USD,pip_builder,SELL,2026-09-29 00:15:00+00:00,0.56576,0.56779,0.5617000000000001,20.299999999999763,40.599999999999525,SL,-1.0,-20.299999999999763,0,double top (neckline break),15m,2026-09-29 02:38:00+00:00,6
EURUSD,EUR/USD,pip_builder,SELL,2026-09-29 01:55:00+00:00,1.13667,1.13852,1.1329700000000003,18.499999999999073,36.999999999998145,TP,0.10810810810810162,1.9999999999997797,1,double top (neckline break),5m,2026-09-29 06:14:00+00:00,6
NZDUSD,NZD/USD,pip_builder,SELL,2026-09-29 03:00:00+00:00,0.56668,0.56892,0.5621999999999999,22.400000000000198,44.800000000000395,TP,1.0892857142857202,24.400000000000343,3,bearish engulfing,15m,2026-10-01 02:06:00+00:00,6
